lt,r,mlat,n_trials,n_success,p_predicted,p_observed,pearson_resid,deviance_resid
0.0100671728126428,137.17997116285548,4.039600000000007,472,469,0.45052939235944284,0.9936440677966102,2.95177969440471,2.944680839375803
0.0100671728126428,142.17997116285548,-0.9603999999999928,476,167,0.47804880304800484,0.35084033613445376,-11.083204077082483,-11.353602312927942
0.0100671728126428,147.17997116285548,-0.9603999999999928,497,65,0.47482265866928763,0.13078470824949698,-17.05071546357296,-18.286107371723475
0.0100671728126428,237.17997116285548,-5.960399999999993,4347,3626,0.34671700892756674,0.8341384863123994,20.275394138343945,19.88579833864682
0.5100671728126428,157.17997116285548,-0.9603999999999928,545,69,0.4465030465799016,0.12660550458715597,-16.654192568675047,-18.011497315792997
0.5100671728126428,162.17997116285548,-0.9603999999999928,573,322,0.4433089780657595,0.5619546247818499,-5.030444039627056,-5.075617650782156
0.5100671728126428,167.17997116285548,-0.9603999999999928,602,221,0.44011958986731237,0.36710963455149503,-9.916500823622917,-10.172702332504592
0.5100671728126428,172.17997116285548,-0.9603999999999928,638,221,0.4369351378476698,0.3463949843260188,-10.615939397724219,-10.92078107572804
0.5100671728126428,177.17997116285548,-0.9603999999999928,680,379,0.43375587625424655,0.5573529411764706,-4.981953874619992,-5.026776979731344
0.5100671728126428,182.17997116285548,-0.9603999999999928,728,333,0.4305820576396196,0.4574175824175824,-7.678674100428351,-7.804666846954594
0.5100671728126428,187.17997116285548,-0.9603999999999928,788,75,0.4274139327835569,0.09517766497461928,-20.220306112387373,-22.283225480133837
0.5100671728126428,192.17997116285548,-0.9603999999999928,866,219,0.4242517506162503,0.2528868360277136,-14.823064011470574,-15.50383711968273
0.5100671728126428,197.17997116285548,-0.9603999999999928,963,322,0.4210957581428225,0.3343717549325026,-12.379781203278155,-12.764487395985492
0.5100671728126428,202.17997116285548,-0.9603999999999928,1092,564,0.417946200369137,0.5164835164835165,-6.383241954555612,-6.453970495384273
0.5100671728126428,207.17997116285548,-0.9603999999999928,1265,603,0.414803320228965,0.4766798418972332,-8.070410729811151,-8.185152068561585
0.5100671728126428,212.17997116285548,-0.9603999999999928,1480,704,0.4116673585125495,0.4756756756756757,-8.482133532602269,-8.602110069630351
0.5100671728126428,217.17997116285548,-5.960399999999993,1261,457,0.34156924455370463,0.36241078509119745,-6.604228375266248,-6.742774009268049
0.5100671728126428,217.17997116285548,-0.9603999999999928,468,150,0.40853855379661064,0.32051282051282054,-8.385938731551198,-8.666977125306943
0.5100671728126428,222.17997116285548,-5.960399999999993,1899,1682,0.3386665265388135,0.8857293312269615,16.56883620104459,16.175125336813878
0.5100671728126428,227.17997116285548,-5.960399999999993,2153,1360,0.3357758966515886,0.6316767301439852,6.4455767517608145,6.372697707646614
0.5100671728126428,232.17997116285548,-5.960399999999993,3008,2189,0.3328975197772915,0.7277260638297872,13.508901553794887,13.260229525664004
0.5100671728126428,237.17997116285548,-5.960399999999993,1188,1131,0.3300315573655735,0.952020202020202,16.147987112882895,15.678320062418017
1.0100671728126427,72.1799711628555,4.039600000000007,684,637,0.4462951415209189,0.9312865497076024,2.625915353082639,2.6202535016451645
1.0100671728126427,92.1799711628555,4.039600000000007,459,215,0.43354925746216666,0.4684095860566449,-6.001442886561167,-6.094251905618626
1.5100671728126427,72.1799711628555,4.039600000000007,701,133,0.4145840476377483,0.18972895863052783,-14.954596703905716,-15.905211551217485
1.5100671728126427,97.1799711628555,4.039600000000007,478,295,0.39898078529440617,0.6171548117154811,-0.9851183074704382,-0.9876379483799514
2.0100671728126427,62.179971162855495,-5.960399999999993,705,155,0.34942161310130887,0.2198581560283688,-10.406310795038124,-10.986553668184174
2.0100671728126427,62.179971162855495,4.039600000000007,477,351,0.3845516447304038,0.7358490566037735,2.328158519694918,2.314715581444172
2.0100671728126427,67.1799711628555,9.039600000000007,463,446,0.3278216076492072,0.9632829373650108,10.457997190314572,10.141380360596312
2.0100671728126427,77.1799711628555,-0.9603999999999928,478,183,0.39519310995861334,0.38284518828451886,-6.223271151957512,-6.370667525753419
2.0100671728126427,97.1799711628555,4.039600000000007,520,317,0.3633608990505555,0.6096153846153847,0.9246904550927763,0.9219899418837528
2.5100671728126427,67.1799711628555,-0.9603999999999928,1016,156,0.3584694706618754,0.15354330708661418,-16.088403802083782,-17.397014328279468
2.5100671728126427,77.1799711628555,-5.960399999999993,549,45,0.305124264113678,0.08196721311475409,-12.14036155313225,-13.704333727006905
2.5100671728126427,82.1799711628555,-10.960399999999993,1480,277,0.25901753363827235,0.18716216216216217,-9.698272626199023,-10.220371962205208
2.5100671728126427,102.1799711628555,4.039600000000007,804,188,0.3221422205994152,0.23383084577114427,-8.939056681825555,-9.373617984444397
3.0100671728126427,67.1799711628555,4.039600000000007,500,308,0.30157369938726436,0.616,4.931061152479265,4.825687382970151
3.0100671728126427,67.1799711628555,9.039600000000007,792,305,0.26221274221833396,0.3851010101010101,1.1911578466591282,1.183683890712817
3.0100671728126427,107.1799711628555,4.039600000000007,605,377,0.2802378656482193,0.6231404958677685,7.233716741674191,7.010532272110208
3.0100671728126427,112.1799711628555,4.039600000000007,825,274,0.277636579391684,0.3321212121212121,-2.0963356496043346,-2.119618957594287
3.5100671728126427,52.179971162855495,-15.960399999999993,533,57,0.18603199893441558,0.10694183864915573,-5.581771631506316,-6.034545789695812
3.5100671728126427,62.179971162855495,9.039600000000007,504,199,0.231449469772635,0.3948412698412698,3.2453178369009517,3.1695520602648264
3.5100671728126427,62.179971162855495,49.03960000000001,618,132,0.06972435273340873,0.21359223300970873,11.427897032725584,9.721471270489708
3.5100671728126427,77.1799711628555,-0.9603999999999928,661,279,0.26519804120278856,0.42208774583963693,2.195455119942249,2.1693011818849035
3.5100671728126427,82.1799711628555,-5.960399999999993,731,423,0.23042627140559144,0.5786593707250342,10.981185348379945,10.398555359357298
3.5100671728126427,117.1799711628555,4.039600000000007,674,319,0.23711478058642313,0.4732937685459941,6.233572922445999,6.018694944677286
3.5100671728126427,122.1799711628555,4.039600000000007,766,248,0.23478320928272425,0.3237597911227154,0.7356934488557687,0.7322221607905244
4.010067172812643,57.179971162855495,4.039600000000007,480,270,0.2275186254098063,0.5625,8.654320432671806,8.196139798439006
4.010067172812643,72.1799711628555,4.039600000000007,964,783,0.22077154431531004,0.8122406639004149,22.918247367016562,21.059756706912545
4.010067172812643,132.17997116285548,-0.9603999999999928,461,12,0.20048700254086219,0.026030368763557483,-9.512683821179182,-11.532322142617453
4.010067172812643,137.17997116285548,-0.9603999999999928,602,138,0.19842191893118272,0.2292358803986711,-0.8141159804115325,-0.8204399420567174
4.010067172812643,142.17997116285548,-0.9603999999999928,657,230,0.19637288187407415,0.350076103500761,4.717790014225353,4.552276242991272
4.510067172812643,62.179971162855495,-5.960399999999993,826,401,0.17331479164443142,0.4854721549636804,14.204917940929322,13.014194772488686
4.510067172812643,67.1799711628555,-5.960399999999993,678,158,0.1714695651593225,0.23303834808259588,1.3444031469570352,1.3270519289787162
4.510067172812643,67.1799711628555,9.039600000000007,570,554,0.1685803036354817,0.9719298245614035,29.041534421426807,25.002409052255803
4.510067172812643,77.1799711628555,-0.9603999999999928,763,147,0.18714498518477762,0.1926605504587156,-1.9805037856184196,-2.017689605702537
4.510067172812643,82.1799711628555,-5.960399999999993,1121,222,0.16602738382591134,0.19803746654772525,-0.07148275414086683,-0.07152455249293184
4.510067172812643,87.1799711628555,-5.960399999999993,759,91,0.16424432923256277,0.11989459815546773,-4.499979868883536,-4.751437162197072
4.510067172812643,147.17997116285548,-0.9603999999999928,473,21,0.1611446320036033,0.04439746300211417,-7.171715481509027,-8.316632199072322
4.510067172812643,152.17997116285548,-0.9603999999999928,844,150,0.15940399284402973,0.17772511848341233,-0.7319733857357409,-0.7373757669035585
4.510067172812643,157.17997116285548,-0.9603999999999928,1033,0,0.15767862141133696,0.0,-13.905853705591966,-18.828501975460814
4.510067172812643,162.17997116285548,-0.9603999999999928,757,0,0.15596846011324636,0.0,-11.82733761549328,-16.022547835572457
5.010067172812643,47.179971162855495,-5.960399999999993,824,22,0.15017071707000326,0.02669902912621359,-10.10949263700791,-12.148481177303857
5.010067172812643,57.179971162855495,-5.960399999999993,890,353,0.14689940694732087,0.39662921348314606,13.653191202699322,12.392033505885001
5.010067172812643,62.179971162855495,-5.960399999999993,1269,547,0.1452859906152488,0.4310480693459417,18.85613522742673,16.924651096733967
5.010067172812643,67.1799711628555,-0.9603999999999928,581,176,0.158103192821983,0.3029259896729776,5.610262822954485,5.314041874990086
5.010067172812643,82.1799711628555,-10.960399999999993,589,78,0.12604578460289817,0.13242784380305603,-0.7084330993981489,-0.7159735368001846
5.010067172812643,102.1799711628555,-5.960399999999993,1361,28,0.13290320136928058,0.020573108008817047,-12.377877631896302,-15.070571273101965
5.010067172812643,162.17997116285548,-0.9603999999999928,752,0,0.12806877315094067,0.0,-10.509678459552914,-14.356715105468417
5.010067172812643,167.17997116285548,-0.9603999999999928,3404,0,0.12663147664841098,0.0,-22.21604996401468,-30.36095173761382
5.510067172812643,52.179971162855495,-5.960399999999993,824,54,0.12401363443535555,0.06553398058252427,-5.619722586881043,-6.152577566377118
5.510067172812643,62.179971162855495,-5.960399999999993,2096,472,0.12123084427162668,0.22519083969465647,9.714448759379938,9.12218437663064
5.510067172812643,67.1799711628555,4.039600000000007,550,196,0.13048753876177796,0.3563636363636364,10.723411396056587,9.636624401235503
5.510067172812643,67.1799711628555,9.039600000000007,907,111,0.12021438826443087,0.12238147739801543,-1.0965661234179043,-1.111867993288709
5.510067172812643,127.17997116285548,-5.960399999999993,457,56,0.10442851758675076,0.12253829321663019,0.35055874670929876,0.34826423915966853
5.510067172812643,147.17997116285548,-5.960399999999993,463,0,0.09968830675856635,0.0,-7.160051726791546,-9.861196443962859
5.510067172812643,152.17997116285548,-5.960399999999993,734,0,0.0985335264147962,0.0,-8.95705525243126,-12.340145958523491
5.510067172812643,157.17997116285548,-5.960399999999993,918,0,0.09739067590725388,0.0,-9.952452712785636,-13.715924580512187
5.510067172812643,162.17997116285548,-5.960399999999993,1368,0,0.09625966542646512,0.0,-12.071003888499227,-16.640892890865626
5.510067172812643,182.17997116285548,4.039600000000007,458,51,0.10027958238260583,0.11135371179039301,-0.006243063253882354,-0.006243829853433644
5.510067172812643,187.17997116285548,4.039600000000007,474,57,0.09911870681882096,0.12025316455696203,0.6343376049540606,0.6267970790923888
5.510067172812643,192.17997116285548,4.039600000000007,492,92,0.09796980666929525,0.18699186991869918,4.84213421439661,4.491662267144196
5.510067172812643,197.17997116285548,4.039600000000007,511,80,0.09683279218851852,0.15655577299412915,3.167442140684442,3.0064602151265913
5.510067172812643,202.17997116285548,4.039600000000007,535,114,0.09570757351069364,0.2130841121495327,6.923065522568479,6.277264732176036
5.510067172812643,207.17997116285548,4.039600000000007,560,50,0.09459406067232329,0.08928571428571429,-1.0656295396329667,-1.0881817978148838
6.010067172812643,47.179971162855495,4.039600000000007,618,17,0.11346265903530818,0.02750809061488673,-6.887885321825564,-8.137124890607652
6.010067172812643,52.179971162855495,-5.960399999999993,568,63,0.10347793003177684,0.11091549295774648,-0.2999045131825076,-0.3014824647837041
6.010067172812643,67.1799711628555,-5.960399999999993,816,185,0.09993341729354217,0.2267156862745098,8.954446891240726,8.114146057540559
6.010067172812643,67.1799711628555,-0.9603999999999928,546,24,0.10700390291874355,0.04395604395604396,-5.012431290555538,-5.642762050298396
6.010067172812643,77.1799711628555,-10.960399999999993,1703,27,0.09111641799457992,0.015854374633000587,-10.913702016186507,-13.287140839922495
6.010067172812643,77.1799711628555,-0.9603999999999928,599,42,0.10455724267071015,0.07011686143572621,-3.2298549233047593,-3.4439965235977237
6.010067172812643,132.17997116285548,-5.960399999999993,646,5,0.08579468341998292,0.007739938080495356,-7.116531550185537,-9.044240834833767
6.010067172812643,137.17997116285548,-5.960399999999993,882,5,0.08478568900471523,0.005668934240362812,-8.462193952002496,-10.918131629937037
6.010067172812643,142.17997116285548,-5.960399999999993,799,5,0.08378747338112932,0.006257822277847309,-7.938274967402809,-10.191188833232902
6.010067172812643,147.17997116285548,-5.960399999999993,514,32,0.08279994690173195,0.0622568093385214,-2.0512520357740893,-2.1557775839134137
6.010067172812643,217.17997116285548,-0.9603999999999928,984,34,0.07517975763813231,0.034552845528455285,-5.055602667074372,-5.637964087155023
6.010067172812643,222.17997116285548,-0.9603999999999928,1089,47,0.07428545689452867,0.04315886134067952,-4.2301509660605845,-4.590637196950102
6.010067172812643,227.17997116285548,-0.9603999999999928,1189,36,0.07340094997778518,0.030277544154751892,-5.906825939715338,-6.666924713501943
6.010067172812643,232.17997116285548,-0.9603999999999928,2009,204,0.07252614964734173,0.101543056246889,3.565305232269805,3.4318100965045337
6.010067172812643,237.17997116285548,-0.9603999999999928,2160,201,0.07166096896106255,0.09305555555555556,2.5380484086044572,2.469995144699351
6.010067172812643,242.17997116285548,-0.9603999999999928,2344,212,0.07080532128699224,0.09044368600682594,2.3921997797642955,2.333282752171629
6.010067172812643,247.17997116285548,-0.9603999999999928,2581,172,0.06995912031473059,0.06664083688492832,-1.5389954503819177,-1.5655927524655837
6.010067172812643,252.17997116285548,-0.9603999999999928,2939,363,0.06912228006643481,0.12351139843484178,9.245095930973898,8.563989838629226
6.010067172812643,257.1799711628555,-0.9603999999999928,3362,460,0.06829471490745485,0.13682331945270673,12.759275601633957,11.604603993111317
6.010067172812643,262.1799711628555,-0.9603999999999928,6401,1761,0.06747633955660591,0.27511326355256993,53.40402878114513,43.323127399432934
6.010067172812643,262.1799711628555,4.039600000000007,553,0,0.06837115549859793,0.0,-6.370559294463743,-8.850298396909187
6.010067172812643,267.1799711628555,4.039600000000007,576,0,0.06755193057271439,0.0,-6.459781037704066,-8.976245042886513
6.010067172812643,272.1799711628555,4.039600000000007,599,40,0.06674181840513753,0.0667779632721202,-0.41973118069853704,-0.4238744157047247
6.010067172812643,277.1799711628555,4.039600000000007,624,0,0.06594073441600243,0.0,-6.637155126860537,-9.226744051094466
6.010067172812643,282.1799711628555,4.039600000000007,654,0,0.0651485944067797,0.0,-6.751031067474649,-9.387062073079683
6.010067172812643,287.1799711628555,4.039600000000007,688,0,0.06436531456919269,0.0,-6.879660554207637,-9.567942135903134
6.010067172812643,292.1799711628555,4.039600000000007,731,0,0.06359081149380208,0.0,-7.0456820151967765,-9.800887330685859
6.010067172812643,297.1799711628555,4.039600000000007,786,0,0.06282500217826364,0.0,-7.258839306299695,-10.099485796990406
6.010067172812643,302.1799711628555,4.039600000000007,859,0,0.0620678040352649,0.0,-7.5395261193339325,-10.492156513750587
6.010067172812643,307.1799711628555,4.039600000000007,965,0,0.06131913490014635,0.0,-7.939674236827784,-11.051238298396182
6.010067172812643,312.1799711628555,4.039600000000007,1142,16,0.06057891303821327,0.014010507880910683,-6.67046867200293,-7.978402495098623
6.010067172812643,317.1799711628555,4.039600000000007,1526,6,0.059847057151743675,0.003931847968545216,-9.22907698635615,-11.985468012623764
6.010067172812643,322.1799711628555,4.039600000000007,4774,0,0.059123486386698225,0.0,-17.320280108291847,-24.12234156616166
6.510067172812643,22.179971162855495,4.039600000000007,795,59,0.10034211988774167,0.07421383647798742,-3.0400072752421035,-3.2032291210382464
6.510067172812643,32.179971162855495,-5.960399999999993,559,142,0.09082646294308906,0.25402504472271914,10.295397624737483,9.010527848562214
6.510067172812643,57.179971162855495,-5.960399999999993,583,58,0.08562589485494006,0.09948542024013722,0.43953895740701654,0.435861117423199
6.510067172812643,62.179971162855495,-5.960399999999993,1150,349,0.08461870175357543,0.3034782608695652,20.61693685294388,17.327110065981454
6.510067172812643,67.1799711628555,-5.960399999999993,2200,62,0.08362227250504267,0.028181818181818183,-9.657929878813686,-11.119335510824726
6.510067172812643,67.1799711628555,4.039600000000007,1032,105,0.09031217978469498,0.10174418604651163,0.23953064720113734,0.2387277278634498
6.510067172812643,72.1799711628555,-5.960399999999993,456,22,0.08263651748414665,0.04824561403508772,-2.9071919680327203,-3.152487737861087
6.510067172812643,77.1799711628555,4.039600000000007,534,97,0.08820947832120166,0.18164794007490637,5.802948677827067,5.3029313207103295
6.510067172812643,82.1799711628555,4.039600000000007,1062,249,0.08717479258509479,0.2344632768361582,13.189296111621994,11.582601578522471
6.510067172812643,172.17997116285548,-0.9603999999999928,548,45,0.06879619283250567,0.08211678832116788,0.6820497922402767,0.6716519433940393
6.510067172812643,177.17997116285548,-0.9603999999999928,972,7,0.06797224667306317,0.00720164609053498,-7.560882262989763,-9.558558130999701
6.510067172812643,182.17997116285548,-0.9603999999999928,581,6,0.06715745693054745,0.010327022375215147,-5.511307565737715,-6.800871240668604
6.510067172812643,187.17997116285548,-0.9603999999999928,2168,58,0.0663517388324965,0.026752767527675275,-7.638482334722331,-8.64787549067323
6.510067172812643,192.17997116285548,-0.9603999999999928,508,197,0.06555500798306357,0.38779527559055116,22.944578586302626,17.52646428711496
6.510067172812643,197.17997116285548,-0.9603999999999928,526,68,0.06476718037210898,0.12927756653992395,4.922750009832638,4.472698337086824
6.510067172812643,202.17997116285548,-0.9603999999999928,550,304,0.06398817238395518,0.5527272727272727,34.86559316006919,25.14253408180616
6.510067172812643,207.17997116285548,-0.9603999999999928,1037,282,0.06321790080581191,0.2719382835101254,22.472511296627225,17.99336179498223
6.510067172812643,212.17997116285548,-0.9603999999999928,2572,396,0.06245628283587724,0.15396578538102643,15.977320194488158,14.009889587698929
6.510067172812643,217.17997116285548,-0.9603999999999928,1456,352,0.06170323609112067,0.24175824175824176,23.50089586245806,19.07563087864341
6.510067172812643,222.17997116285548,-0.9603999999999928,1964,349,0.06095867861475252,0.17769857433808553,18.07676757535252,15.401331703586292
6.510067172812643,227.17997116285548,-0.9603999999999928,1920,341,0.060222528883388284,0.17760416666666667,18.107805631695886,15.389458203307301
6.510067172812643,232.17997116285548,-0.9603999999999928,2137,107,0.05949470581391203,0.0500701918577445,-2.3654564024461893,-2.445729935923904
6.510067172812643,237.17997116285548,-0.9603999999999928,1628,261,0.05877512877004144,0.16031941031941033,14.670870105867099,12.619666058155316
6.510067172812643,242.17997116285548,-0.9603999999999928,1979,350,0.058063717568607315,0.17685699848408287,19.02939081588956,16.05851061220318
6.510067172812643,247.17997116285548,-0.9603999999999928,1842,308,0.05736039248554719,0.16720955483170466,17.12814559239793,14.554197548265229
6.510067172812643,252.17997116285548,-0.9603999999999928,6519,466,0.056665074261621144,0.07148335634299739,3.6326948738801983,3.538682572437684
6.510067172812643,252.17997116285548,4.039600000000007,459,0,0.057956262781106944,0.0,-5.313993218848104,-7.403234572747181
6.510067172812643,257.1799711628555,-0.9603999999999928,1864,230,0.05597768410785517,0.12339055793991416,10.721502921688002,9.542444034163262
6.510067172812643,257.1799711628555,4.039600000000007,475,0,0.05725416018086193,0.0,-5.370973589737042,-7.484024845262317
6.510067172812643,262.1799711628555,4.039600000000007,494,0,0.056560052430010076,0.0,-5.442033933222241,-7.584450803873154
6.510067172812643,267.1799711628555,4.039600000000007,517,0,0.05587386081153787,0.0,-5.531394091727971,-7.710405095246394
6.510067172812643,272.1799711628555,4.039600000000007,544,0,0.05519550708463804,0.0,-5.637419309598084,-7.859621966819898
6.510067172812643,277.1799711628555,4.039600000000007,576,0,0.054524913489583944,0.0,-5.763465389806081,-8.036792728902894
6.510067172812643,282.1799711628555,4.039600000000007,616,0,0.053862002752351264,0.0,-5.9218085519267785,-8.25905287518583
6.510067172812643,287.1799711628555,4.039600000000007,665,0,0.0532066980889884,0.0,-6.1131688059433715,-8.527429438973401
6.510067172812643,292.1799711628555,4.039600000000007,730,0,0.052558923209742835,0.0,-6.363683250417633,-8.878410712705014
6.510067172812643,297.1799711628555,4.039600000000007,812,0,0.0519186023229486,0.0,-6.668324077677975,-9.305021582162981
6.510067172812643,302.1799711628555,4.039600000000007,925,60,0.05128566013868017,0.06486486486486487,1.3699052789411823,1.3322779096130806
6.510067172812643,307.1799711628555,4.039600000000007,1084,5,0.0506600218721778,0.004612546125461255,-6.932276690836716,-8.872656145621114
6.510067172812643,312.1799711628555,4.039600000000007,1335,0,0.05004161324704986,0.0,-8.385983300759658,-11.70769207411395
6.510067172812643,317.1799711628555,4.039600000000007,1829,0,0.04943036049825689,0.0,-9.752405979380969,-13.617566461094478
6.510067172812643,322.1799711628555,4.039600000000007,1875,0,0.04882619037488263,0.0,-9.810634909970721,-13.7010676619285
7.010067172812643,37.179971162855495,-5.960399999999993,590,89,0.07576953716657837,0.15084745762711865,5.445858201290363,4.97449262135821
7.010067172812643,42.179971162855495,-5.960399999999993,825,148,0.074868788658598,0.17939393939393938,9.154527146499635,8.122184793789582
7.010067172812643,42.179971162855495,-0.9603999999999928,861,8,0.07814976684849013,0.009291521486643438,-7.572006350041097,-9.485618346911743
7.010067172812643,52.179971162855495,-5.960399999999993,998,159,0.07309675720165294,0.1593186372745491,8.406164436144158,7.562085366078687
7.010067172812643,57.179971162855495,-5.960399999999993,525,73,0.07222529968511522,0.13904761904761906,4.709066475443741,4.317204957783656
7.010067172812643,57.179971162855495,4.039600000000007,524,5,0.07769632056273407,0.009541984732824428,-5.8635205647890185,-7.331056675520941
7.010067172812643,62.179971162855495,39.03960000000001,1332,70,0.05667383556401242,0.052552552552552555,-1.0923056093389065,-1.1137711174830425
7.010067172812643,67.1799711628555,-5.960399999999993,510,29,0.07051106690764951,0.056862745098039215,-1.5151687637493427,-1.5769158904158183
7.010067172812643,67.1799711628555,-0.9603999999999928,981,17,0.07361627258058068,0.017329255861365953,-6.84483152862108,-8.158115680318996
7.010067172812643,67.1799711628555,9.039600000000007,896,151,0.07267031861789827,0.16852678571428573,8.918566522355366,7.9437260493323585
7.010067172812643,72.1799711628555,-5.960399999999993,1274,12,0.06966811892850527,0.009419152276295133,-8.498987483468387,-10.576596001834407
7.010067172812643,72.1799711628555,4.039600000000007,519,11,0.07496108567819104,0.02119460500963391,-4.73903934217641,-5.554998473745336
7.010067172812643,77.1799711628555,-5.960399999999993,741,31,0.0688345019634989,0.04183535762483131,-3.147437109134981,-3.397168119574304
7.010067172812643,77.1799711628555,4.039600000000007,628,63,0.07406917781471119,0.10031847133757962,1.7167387512860326,1.6612776250659513
7.010067172812643,82.1799711628555,4.039600000000007,1182,79,0.07318704250788868,0.06683587140439932,-1.4368686033308014,-1.4707511965760987
7.010067172812643,87.1799711628555,4.039600000000007,674,0,0.07231459258872687,0.0,-7.248406774323239,-10.05904521323235
7.010067172812643,172.17997116285548,-0.9603999999999928,454,0,0.057107179446015656,0.0,-5.2437516798724495,-7.307038796097418
7.010067172812643,172.17997116285548,4.039600000000007,940,11,0.058881968047692995,0.011702127659574468,-6.1983728689659285,-7.511057629899737
7.010067172812643,177.17997116285548,-0.9603999999999928,464,37,0.05641474695285289,0.07974137931034483,1.6916768093358718,1.6189277216176636
7.010067172812643,177.17997116285548,4.039600000000007,473,68,0.058169343589633445,0.14376321353065538,6.7099939006660145,5.865933291099379
7.010067172812643,182.17997116285548,-0.9603999999999928,478,41,0.05573021405907811,0.08577405857740586,2.3107166986403924,2.1812581399151965
7.010067172812643,192.17997116285548,-0.9603999999999928,972,70,0.05438453499260034,0.0720164609053498,1.821143310452296,1.7597855694693216
7.010067172812643,197.17997116285548,-0.9603999999999928,493,79,0.05372323399110935,0.16024340770791076,8.95141954123792,7.55543775403554
7.010067172812643,202.17997116285548,-0.9603999999999928,682,112,0.05306952294031704,0.16422287390029325,11.059973583596099,9.271040677186896
7.510067172812643,27.179971162855495,-0.9603999999999928,1253,17,0.06843832241465664,0.013567438148443736,-7.770042366856071,-9.402504592585247
7.510067172812643,42.179971162855495,-5.960399999999993,640,5,0.06390159744194943,0.0078125,-5.830561416990188,-7.312265863391924
7.510067172812643,57.179971162855495,-5.960399999999993,1205,27,0.06161954911179159,0.022406639004149378,-5.795494473938467,-6.636826071048596
7.510067172812643,62.179971162855495,59.03960000000001,533,24,0.045528322970916156,0.0450281425891182,-0.2762852297652702,-0.2786904593210303
7.510067172812643,72.1799711628555,-5.960399999999993,451,21,0.05941382455326447,0.04656319290465632,-1.371398564333767,-1.431859315782436
7.510067172812643,72.1799711628555,4.039600000000007,667,44,0.06371045960347708,0.06596701649175413,-0.19933116223539357,-0.20022941490333984
7.510067172812643,77.1799711628555,-10.960399999999993,1922,41,0.05680994453562401,0.02133194588969823,-6.87586849197877,-7.8509826652479315
7.510067172812643,92.1799711628555,4.039600000000007,1598,30,0.06069326147112324,0.01877346683354193,-7.142360253839231,-8.315572618786767
7.510067172812643,162.17997116285548,4.039600000000007,1728,19,0.051155432812366494,0.01099537037037037,-7.641676975188444,-9.211209973278704
8.010067172812644,52.179971162855495,-5.960399999999993,537,120,0.05401626394957508,0.22346368715083798,14.585726514687595,11.636799779879578
8.010067172812644,52.179971162855495,4.039600000000007,487,8,0.05774888486601484,0.01642710472279261,-3.9665037269675145,-4.657407942820438
8.010067172812644,57.179971162855495,-5.960399999999993,602,26,0.05335918833397899,0.04318936877076412,-1.3333312086254396,-1.3854270219884262
8.010067172812644,57.179971162855495,4.039600000000007,508,20,0.05704914237587266,0.03937007874015748,-1.8992319832594846,-2.0167855102098358
8.010067172812644,62.179971162855495,4.039600000000007,728,18,0.05635737152915872,0.024725274725274724,-3.8170940568235268,-4.284615157524462
8.010067172812644,62.179971162855495,14.039600000000007,506,12,0.05373589637379347,0.023715415019762844,-3.0854611728598846,-3.461656727567039
8.010067172812644,67.1799711628555,4.039600000000007,503,24,0.05567349374842704,0.04771371769383698,-1.0144835900102716,-1.0459291357662783
8.010067172812644,67.1799711628555,9.039600000000007,710,245,0.05436321478345557,0.34507042253521125,27.556743887835033,20.462418723799967
8.010067172812644,72.1799711628555,-5.960399999999993,576,0,0.05143294378163624,0.0,-5.588534212258822,-7.799283289111212
8.010067172812644,72.1799711628555,-0.9603999999999928,758,111,0.052676530676750134,0.14643799472295516,9.904679843958291,8.45595266227871
8.010067172812644,72.1799711628555,4.039600000000007,1057,60,0.05499743093389909,0.05676442762535478,-0.18796122500955548,-0.18865590370750307
8.010067172812644,77.1799711628555,-5.960399999999993,641,5,0.050805605007433155,0.0078003120124804995,-4.9844132287049545,-6.1699495411900855
8.010067172812644,82.1799711628555,-5.960399999999993,2400,42,0.05018551318987849,0.0175,-7.466214025900502,-8.597577618042866
8.010067172812644,87.1799711628555,4.039600000000007,675,67,0.053015358553784565,0.09925925925925926,4.532301443477308,4.139526277742866
8.010067172812644,92.1799711628555,4.039600000000007,608,15,0.05236978432233626,0.024671052631578948,-3.1699992180148477,-3.530116755229592
8.010067172812644,142.17997116285548,4.039600000000007,1812,54,0.046310560543313124,0.029801324503311258,-3.570700953734952,-3.8259824532142552
8.510067172812644,37.179971162855495,-5.960399999999993,903,75,0.04941872836700098,0.08305647840531562,3.9344903607751847,3.653232133319278
8.510067172812644,37.179971162855495,44.03960000000001,3271,11,0.04587741187206526,0.003362885967594008,-11.644482874666197,-15.089928604876507
8.510067172812644,42.179971162855495,-5.960399999999993,704,118,0.04881469311797391,0.16761363636363635,12.605222703927057,10.336558283562294
8.510067172812644,47.179971162855495,-0.9603999999999928,605,25,0.04906322879833638,0.04132231404958678,-1.0900618357843093,-1.125987517712248
8.510067172812644,62.179971162855495,-5.960399999999993,1209,44,0.04646791771646495,0.036393713813068655,-1.9090228843149728,-1.9918133806787466
8.510067172812644,62.179971162855495,14.039600000000007,467,223,0.047886664166790695,0.47751605995717344,33.86740239023572,23.083018896413456
8.510067172812644,67.1799711628555,-5.960399999999993,574,16,0.04589820815662563,0.027874564459930314,-2.1797982103151488,-2.353297111937738
8.510067172812644,67.1799711628555,-0.9603999999999928,541,59,0.046705091688181294,0.10905730129390019,5.993316433886321,5.25424102236322
8.510067172812644,67.1799711628555,4.039600000000007,823,85,0.048974830015576086,0.10328068043742406,6.232472340284094,5.568357062582639
8.510067172812644,72.1799711628555,-5.960399999999993,1817,80,0.04533515130571797,0.04402861860209136,-0.662264057432594,-0.669824648292839
8.510067172812644,72.1799711628555,4.039600000000007,569,54,0.0483759443296322,0.09490333919156414,4.455654441741472,4.029207424896724
8.510067172812644,77.1799711628555,-5.960399999999993,1154,124,0.044778677582546646,0.10745233968804159,9.031228918038158,7.87031364896103
8.510067172812644,77.1799711628555,-0.9603999999999928,2058,63,0.045566819887292685,0.030612244897959183,-3.503336011387646,-3.7324397453952596
8.510067172812644,77.1799711628555,4.039600000000007,795,16,0.04778401411615015,0.02012578616352201,-3.7455538880884873,-4.22633010884986
8.510067172812644,82.1799711628555,-0.9603999999999928,570,160,0.04500763657420759,0.2807017543859649,22.69827428257992,16.644237766789917
8.510067172812644,82.1799711628555,4.039600000000007,881,56,0.04719896755217048,0.06356413166855845,1.813876882203305,1.7448871061905067
8.510067172812644,87.1799711628555,4.039600000000007,457,11,0.046620733337442224,0.024070021881838075,-2.3720391331213597,-2.613472415782371
8.510067172812644,122.1799711628555,4.039600000000007,954,8,0.04275796092093601,0.008385744234800839,-5.280267519384739,-6.422339647303769
8.510067172812644,127.17997116285548,-5.960399999999993,473,0,0.03956108401712531,0.0,-4.413974171390496,-6.179416682430331
9.010067172812644,47.179971162855495,-5.960399999999993,617,205,0.043403032611387234,0.33225283630470015,28.983762165070726,20.43625040085647
9.010067172812644,52.179971162855495,-5.960399999999993,470,65,0.042869210023471355,0.13829787234042554,8.978118552798087,7.4059544081147655
9.010067172812644,52.179971162855495,19.039600000000007,623,153,0.04388715561464837,0.24558587479935795,20.844275524554753,15.557338560981519
9.010067172812644,57.179971162855495,-5.960399999999993,813,22,0.042341662414990995,0.02706027060270603,-2.295201262772753,-2.4614133159881066
9.010067172812644,57.179971162855495,14.039600000000007,1078,42,0.04393091924253219,0.03896103896103896,-1.0501522933090832,-1.0762401837159976
9.010067172812644,62.179971162855495,19.039600000000007,1562,23,0.0428144766223947,0.0147247119078105,-5.566220523538169,-6.4237886830984054
9.010067172812644,67.1799711628555,-5.960399999999993,1213,8,0.04130512608228384,0.006595218466611707,-6.10252331518256,-7.54504153267276
9.010067172812644,67.1799711628555,4.039600000000007,585,0,0.04401857143374901,0.0,-5.190045643934965,-7.257385686131546
9.010067172812644,67.1799711628555,9.039600000000007,766,45,0.04343418982062218,0.0587467362924282,1.683942914538906,1.6171559010639391
9.010067172812644,77.1799711628555,-20.960399999999993,1139,4,0.038702476308912534,0.003511852502194908,-6.170259627237453,-7.918557728513925
9.010067172812644,77.1799711628555,-5.960399999999993,3696,22,0.04029289683767856,0.005952380952380952,-10.659163187252304,-13.256554925061256
9.010067172812644,82.1799711628555,-5.960399999999993,983,97,0.03979573508950263,0.09867751780264497,8.409060826461529,7.262032071342573
9.010067172812644,82.1799711628555,4.039600000000007,485,0,0.04241441130907508,0.0,-4.634883157824272,-6.4838236425546505
9.010067172812644,87.1799711628555,4.039600000000007,765,18,0.04189221548284844,0.023529411764705882,-2.6403048434373924,-2.8791565451007366
9.010067172812644,92.1799711628555,-0.9603999999999928,604,56,0.03934383831294814,0.09271523178807947,6.013196048285576,5.2397137984081885
9.010067172812644,92.1799711628555,4.039600000000007,1930,236,0.041376171007483656,0.12227979274611399,15.792501408250164,13.22209342551771
9.010067172812644,97.1799711628555,-0.9603999999999928,686,28,0.038857912572017365,0.04081632653061224,0.049467958795872756,0.049395398144678984
9.010067172812644,97.1799711628555,4.039600000000007,2099,38,0.04086621222874018,0.01810385898046689,-5.3900986158090305,-6.04970402726616
9.010067172812644,102.1799711628555,-0.9603999999999928,636,0,0.03837774861750314,0.0,-5.0380915225586,-7.055346061772205
9.010067172812644,107.1799711628555,-0.9603999999999928,640,0,0.03790328402308465,0.0,-5.0213332003422,-7.0327505411826285
9.510067172812644,37.179971162855495,-0.9603999999999928,797,77,0.04146345381260452,0.09661229611041405,6.915943133753478,6.046416690752079
9.510067172812644,42.179971162855495,-5.960399999999993,549,49,0.04046881696102294,0.08925318761384335,5.146418673528594,4.541226135858039
9.510067172812644,42.179971162855495,-0.9603999999999928,1096,55,0.040952465234948464,0.05018248175182482,1.1695798415429144,1.1404530215786433
9.510067172812644,52.179971162855495,-5.960399999999993,9907,44,0.03947623851375991,0.0044413041283940646,-17.957922699129472,-22.75052795960738
9.510067172812644,57.179971162855495,-5.960399999999993,590,132,0.03898874389876006,0.22372881355932203,19.966620968190906,14.718387521347147
9.510067172812644,57.179971162855495,4.039600000000007,723,0,0.04153227351849741,0.0,-5.597231304803958,-7.831885784144592
9.510067172812644,62.179971162855495,-0.9603999999999928,817,73,0.0389681828789046,0.08935128518971848,6.637239128891797,5.810888784894926
9.510067172812644,62.179971162855495,4.039600000000007,506,6,0.04102047311376007,0.011857707509881422,-3.3428981150510286,-3.927364788073537
9.510067172812644,62.179971162855495,14.039600000000007,534,23,0.04005711973077115,0.04307116104868914,0.1487012482111939,0.14797807823931936
9.510067172812644,67.1799711628555,4.039600000000007,546,7,0.04051471300893219,0.01282051282051282,-3.322487381076229,-3.86849275645112
9.510067172812644,72.1799711628555,-0.9603999999999928,1036,44,0.038010952437536126,0.04247104247104247,0.46913885828749496,0.4639022440291052
9.510067172812644,72.1799711628555,4.039600000000007,713,9,0.04001492845455797,0.012622720897615708,-3.776938531652958,-4.399276641841422
9.510067172812644,77.1799711628555,-5.960399999999993,494,16,0.03709592998235711,0.032388663967611336,-0.6838850340874036,-0.7019946844960306
9.510067172812644,77.1799711628555,4.039600000000007,863,0,0.03952105523443041,0.0,-5.95903229936708,-8.342534057260064
9.510067172812644,82.1799711628555,-5.960399999999993,567,11,0.036636708770106385,0.019400352733686066,-2.252997242942064,-2.4753690516826152
9.510067172812644,82.1799711628555,4.039600000000007,784,0,0.039033029665314134,0.0,-5.643128397461098,-7.901284542417976
9.510067172812644,87.1799711628555,-5.960399999999993,628,17,0.036182958771231136,0.027070063694267517,-1.33636045154588,-1.4024399151989007
9.510067172812644,87.1799711628555,4.039600000000007,862,11,0.038550788596539716,0.012761020881670533,-3.982667413589112,-4.616705844550153
9.510067172812644,97.1799711628555,-0.9603999999999928,770,19,0.03571571135333616,0.024675324675324677,-1.7609929289052106,-1.8685617836231008
9.510067172812644,97.1799711628555,4.039600000000007,456,0,0.037603410016870016,0.0,-4.22103544119255,-5.912337583775059
9.510067172812644,102.1799711628555,-5.960399999999993,463,69,0.03485393946175801,0.1490280777537797,11.92749416913863,9.249496929298353
9.510067172812644,102.1799711628555,4.039600000000007,542,0,0.037138148862099984,0.0,-4.57222695365469,-6.405024770689726
9.510067172812644,107.1799711628555,-5.960399999999993,1984,7,0.03442148034966222,0.003528225806451613,-7.5642360111958515,-9.647562439178506
9.510067172812644,112.1799711628555,-5.960399999999993,530,0,0.033994198089051526,0.0,-4.3186744544514974,-6.054796857763378
9.510067172812644,112.1799711628555,-0.9603999999999928,726,0,0.03440324168722186,0.0,-5.085926668684665,-7.129727847647587
9.510067172812644,112.1799711628555,4.039600000000007,4402,51,0.03622417768725661,0.011585642889595639,-8.84680681201952,-10.29430856688165
9.510067172812644,117.1799711628555,-0.9603999999999928,917,0,0.03397617786113489,0.0,-5.679080312589858,-7.962128027489665
9.510067172812644,122.1799711628555,-0.9603999999999928,1006,0,0.03355423116135003,0.0,-5.909951160504034,-8.286721105529425
9.510067172812644,127.17997116285548,-0.9603999999999928,756,0,0.03313734482406793,0.0,-5.090229437887182,-7.138110684512909
9.510067172812644,132.17997116285548,-5.960399999999993,452,0,0.032335699240813275,0.0,-3.8864043731021134,-5.4511030007887555
9.510067172812644,132.17997116285548,4.039600000000007,625,0,0.03446076437046535,0.0,-4.722995138795376,-6.6208515607476786
10.010067172812644,27.179971162855495,-0.9603999999999928,8056,23,0.04016133259006857,0.0028550148957298908,-17.082546806333866,-22.197978050302805
10.010067172812644,47.179971162855495,-5.960399999999993,704,35,0.03771980840796598,0.04971590909090909,1.375722661806757,1.3247295287856942
10.010067172812644,47.179971162855495,-0.9603999999999928,777,39,0.03821385582432122,0.05019305019305019,1.427488996161865,1.375530901012654
10.010067172812644,47.179971162855495,9.039600000000007,1255,9,0.03968226216075602,0.007171314741035857,-5.930332481755653,-7.2645391034663325
10.010067172812644,62.179971162855495,-5.960399999999993,2156,23,0.036336467966276965,0.010667903525046383,-6.431275680124227,-7.548451135546492
10.010067172812644,67.1799711628555,-0.9603999999999928,717,30,0.03635723772965007,0.04184100418410042,0.5553661222113878,0.5464361042841805
10.010067172812644,67.1799711628555,4.039600000000007,738,0,0.03825161880283756,0.0,-5.417792385806559,-7.587329748392393
10.010067172812644,72.1799711628555,-0.9603999999999928,678,38,0.03590682000273515,0.05604719764011799,2.4687250613607667,2.309653707762573
10.010067172812644,72.1799711628555,4.039600000000007,719,0,0.037778652291929685,0.0,-5.31312681305302,-7.441671725641172
10.010067172812644,77.1799711628555,-10.960399999999993,903,36,0.034548000203957194,0.03986710963455149,0.6360197371207152,0.6252928995499731
10.010067172812644,77.1799711628555,-5.960399999999993,1315,107,0.03500201494950915,0.08136882129277566,8.257383928893503,7.193956260629928
10.010067172812644,77.1799711628555,-0.9603999999999928,1111,20,0.035461777006070026,0.018001800180018002,-3.232822307086721,-3.57069822965014
10.010067172812644,77.1799711628555,4.039600000000007,680,5,0.03731130695274847,0.007352941176470588,-4.144551979294023,-5.043373829710737
10.010067172812644,82.1799711628555,-0.9603999999999928,1104,51,0.0350220496664366,0.04619565217391304,1.68854544318869,1.6246058082922838
10.010067172812644,82.1799711628555,4.039600000000007,726,59,0.036849521560618874,0.081267217630854,5.697452856009664,5.017223757254086
10.010067172812644,87.1799711628555,-5.960399999999993,1396,61,0.034138750199319445,0.04369627507163324,1.6245059272076667,1.5703891303017932
10.010067172812644,87.1799711628555,-0.9603999999999928,636,72,0.03458757943479913,0.11320754716981132,9.771699445443257,7.978687174648824
10.010067172812644,87.1799711628555,4.039600000000007,533,0,0.03639323541999744,0.0,-4.486668864019079,-6.286393192613851
10.010067172812644,92.1799711628555,-5.960399999999993,1115,0,0.03371485499352271,0.0,-6.237282724047597,-8.745328179592125
10.010067172812644,92.1799711628555,4.039600000000007,756,5,0.0359423883634159,0.006613756613756613,-4.352834561636379,-5.327751303191446
10.010067172812644,107.1799711628555,-0.9603999999999928,894,173,0.03290111686959204,0.1935123042505593,23.665953102613102,17.186210181878412
10.010067172812644,117.1799711628555,-0.9603999999999928,529,12,0.03208794422722321,0.022684310018903593,-1.3075040793264832,-1.382794332999475
10.010067172812644,122.1799711628555,-5.960399999999993,469,44,0.03127624803501992,0.09381663113006397,7.090844139039134,5.870914552377796
10.010067172812644,122.1799711628555,4.039600000000007,1096,5,0.033348223634762295,0.004562043795620438,-5.323763673659882,-6.665647240694478
10.010067172812644,132.17997116285548,-0.9603999999999928,1384,54,0.03090451405960386,0.03901734104046243,1.4566419140636688,1.4101727840877971
10.010067172812644,137.17997116285548,-0.9603999999999928,2199,5,0.03051950887553873,0.002273760800363802,-7.710452622298353,-10.016737000088526
10.010067172812644,142.17997116285548,-5.960399999999993,525,0,0.02974626849028857,0.0,-4.01192899114017,-5.630945387342357
10.010067172812644,147.17997116285548,-5.960399999999993,569,0,0.029375255226169655,0.0,-4.149743736418555,-5.824934854368302
10.010067172812644,147.17997116285548,4.039600000000007,467,0,0.03132536702635047,0.0,-3.8861321141497753,-5.452151005859168
10.010067172812644,152.17997116285548,-5.960399999999993,620,0,0.029008731108151612,0.0,-4.303804631476925,-6.041760937721563
10.010067172812644,152.17997116285548,4.039600000000007,504,0,0.03093528626453281,0.0,-4.011122705339817,-5.628079278300945
10.010067172812644,157.17997116285548,-5.960399999999993,678,0,0.028646645251898695,0.0,-4.471601670292982,-6.27790551872421
10.010067172812644,162.17997116285548,-5.960399999999993,749,0,0.028288947264522676,0.0,-4.669611292559387,-6.55650751287886
10.010067172812644,162.17997116285548,-0.9603999999999928,591,0,0.028663150285381658,0.0,-4.176098833734312,-5.863009261257993
10.010067172812644,167.17997116285548,-5.960399999999993,830,0,0.027935587242008217,0.0,-4.883941202314708,-6.858070138410246
10.010067172812644,167.17997116285548,-0.9603999999999928,644,0,0.02830525221245008,0.0,-4.331232732457631,-6.081371333631425
10.010067172812644,172.17997116285548,-0.9603999999999928,709,0,0.027951694381789603,0.0,-4.5152652010156515,-6.340345896006711
10.010067172812644,177.17997116285548,-0.9603999999999928,784,0,0.027602427353399055,0.0,-4.717476398602737,-6.624889087351359
10.010067172812644,182.17997116285548,-0.9603999999999928,880,0,0.02725740217098257,0.0,-4.965747124110234,-6.974164247544813
10.010067172812644,187.17997116285548,-0.9603999999999928,1009,0,0.026916570359239934,0.0,-5.282997506882878,-7.420380694348154
10.010067172812644,192.17997116285548,-0.9603999999999928,1213,0,0.026579883921114194,0.0,-5.755151783640012,-8.084260376439412
10.010067172812644,197.17997116285548,-0.9603999999999928,1623,0,0.026247295335000777,0.0,-6.614198133638139,-9.291759634925862
10.010067172812644,202.17997116285548,-0.9603999999999928,5331,9,0.025918757551918272,0.0016882386043894203,-11.144989398367137,-14.58807476882684
10.510067172812644,57.179971162855495,-30.960399999999993,708,6,0.03275426746028586,0.00847457627118644,-3.655626993286226,-4.345384194885758
10.510067172812644,57.179971162855495,-5.960399999999993,517,47,0.03562234734655348,0.09090909090909091,6.113263388575945,5.236801738962785
10.510067172812644,57.179971162855495,-0.9603999999999928,812,82,0.036224318627402996,0.10098522167487685,8.880965048227361,7.486312162565789
10.510067172812644,57.179971162855495,34.03960000000001,2133,10,0.034388699510559145,0.0046882325363338025,-7.550663131664998,-9.454297832081501
10.510067172812644,62.179971162855495,-0.9603999999999928,546,12,0.03577548645722878,0.02197802197802198,-1.814941226065562,-1.9564436380545704
10.510067172812644,67.1799711628555,-20.960399999999993,696,37,0.033037315457156546,0.05316091954022988,2.6417734799540744,2.45611776675937
10.510067172812644,72.1799711628555,-0.9603999999999928,1814,25,0.03489383514812909,0.013781697905181918,-4.977349991369606,-5.662586094636948
10.510067172812644,72.1799711628555,4.039600000000007,970,5,0.03663098793294704,0.005154639175257732,-5.236372997790078,-6.5393174443394075
10.510067172812644,82.1799711628555,-5.960399999999993,721,0,0.03346632135513249,0.0,-4.996468170101584,-7.006028304667605
10.510067172812644,82.1799711628555,-0.9603999999999928,2550,172,0.034033144371101866,0.06745098039215686,8.389482927519945,7.520702236805737
10.510067172812644,82.1799711628555,4.039600000000007,2107,10,0.03572903486350006,0.004746084480303749,-7.685765861868017,-9.63833221746805
10.510067172812644,87.1799711628555,-5.960399999999993,620,17,0.033050489880229045,0.027419354838709678,-0.8983248271529185,-0.9286898355576408
10.510067172812644,87.1799711628555,4.039600000000007,1150,0,0.035286114754347786,0.0,-6.485621154093975,-9.089804246060977
10.510067172812644,92.1799711628555,-5.960399999999993,1292,40,0.032639650782017554,0.030959752321981424,-0.5359973182438524,-0.5431413193316839
10.510067172812644,92.1799711628555,-0.9603999999999928,1534,94,0.033192953221706956,0.061277705345501955,5.528735014945282,5.017696974140601
10.510067172812644,92.1799711628555,4.039600000000007,901,0,0.03484848693469888,0.0,-5.703699161200408,-7.99482753165737
10.510067172812644,97.1799711628555,-5.960399999999993,2168,30,0.032233748436841084,0.013837638376383764,-4.933273862850041,-5.560323283317325
10.510067172812644,97.1799711628555,-0.9603999999999928,2476,129,0.03278040324685765,0.05210016155088853,4.798253071721068,4.470191069070319
10.510067172812644,97.1799711628555,4.039600000000007,1640,0,0.034416093063761616,0.0,-7.645531787130955,-10.717885256832664
10.510067172812644,102.1799711628555,-0.9603999999999928,593,0,0.03237280909939674,0.0,-4.454136354004019,-6.247348358876045
10.510067172812644,122.1799711628555,-0.9603999999999928,2330,71,0.0307908927053687,0.030472103004291845,-0.34601388840265296,-0.3482636706868152
10.510067172812644,127.17997116285548,-5.960399999999993,912,36,0.02989895561909788,0.039473684210526314,1.459988222068702,1.4025879195391544
10.510067172812644,127.17997116285548,4.039600000000007,2424,8,0.03192844125630599,0.0033003300330033004,-8.033347506238986,-10.245784130398109
10.510067172812644,132.17997116285548,-5.960399999999993,1320,19,0.029526095903277587,0.014393939393939395,-3.3152694472810436,-3.680880989779549
10.510067172812644,132.17997116285548,-0.9603999999999928,1270,0,0.030028256213040404,0.0,-6.270286361676919,-8.800021510477071
10.510067172812644,132.17997116285548,4.039600000000007,700,0,0.031531095131404514,0.0,-4.773926264505027,-6.697347563827098
10.510067172812644,137.17997116285548,-0.9603999999999928,554,0,0.02965383332288402,0.0,-4.114641065528441,-5.775245215618943
10.510067172812644,137.17997116285548,4.039600000000007,593,0,0.03113853488129793,0.0,-4.3656166030376395,-6.1251532209996356
10.510067172812644,137.17997116285548,9.039600000000007,1785,35,0.030618393557825203,0.0196078431372549,-2.819877469197538,-3.0227831172490545
10.510067172812644,142.17997116285548,4.039600000000007,656,0,0.030750706800250983,0.0,-4.562067685197201,-6.4014265856672825
10.510067172812644,172.17997116285548,-5.960399999999993,582,0,0.026701350527067715,0.0,-3.995811992558545,-5.61274028391139
10.510067172812644,177.17997116285548,-5.960399999999993,1056,0,0.026367283224014576,0.0,-5.3477004416698835,-7.512325532800244
10.510067172812644,182.17997116285548,-5.960399999999993,1233,0,0.02603728370996575,0.0,-5.74127315332499,-8.065893683712988
10.510067172812644,187.17997116285548,-0.9603999999999928,1231,0,0.026150334346776646,0.0,-5.749388946539013,-8.07706010015618
10.510067172812644,192.17997116285548,-0.9603999999999928,2222,0,0.025822978040671497,0.0,-7.674608838334903,-10.782625579597806
10.510067172812644,202.17997116285548,-5.960399999999993,2058,0,0.024757035564393487,0.0,-7.2279575375546345,-10.157880769613033
10.510067172812644,202.17997116285548,-0.9603999999999928,4736,0,0.025180191328049415,0.0,-11.060459934556803,-15.542231971545672
10.510067172812644,212.17997116285548,-5.960399999999993,691,0,0.024140124838770052,0.0,-4.134424341280969,-5.811276094765125
10.510067172812644,217.17997116285548,-0.9603999999999928,2208,10,0.02424514330024037,0.004528985507246377,-6.04324033653942,-7.401773699800316
10.510067172812644,222.17997116285548,-0.9603999999999928,2965,38,0.02394105032537395,0.012816188870151771,-4.046206252840675,-4.440863483543644
10.510067172812644,227.17997116285548,-0.9603999999999928,3097,23,0.023640679007378967,0.007426541814659348,-5.981364265187737,-6.982464444230861
10.510067172812644,232.17997116285548,-0.9603999999999928,2554,0,0.02334398610382822,0.0,-7.813167594770634,-10.984302815463879
10.510067172812644,237.17997116285548,-0.9603999999999928,1743,100,0.02305092881715511,0.05737234652897304,8.928004997204797,7.618193252437658
10.510067172812644,242.17997116285548,-0.9603999999999928,2102,0,0.022761464791542015,0.0,-6.997069173845095,-9.838446193307604
10.510067172812644,247.17997116285548,-0.9603999999999928,2814,5,0.02247555210978941,0.0017768301350390902,-7.415461594679435,-9.620328198793908
10.510067172812644,252.17997116285548,-0.9603999999999928,3532,96,0.022193149290168284,0.027180067950169876,1.7449886421669298,1.6943155627500128
10.510067172812644,257.1799711628555,-0.9603999999999928,941,0,0.02191421528325703,0.0,-4.591655536851353,-6.457643897968574
10.510067172812644,257.1799711628555,4.039600000000007,1245,40,0.02302060458483161,0.0321285140562249,1.937998919775516,1.840690416598509
11.010067172812644,32.179971162855495,4.039600000000007,1400,5,0.04031911788043977,0.0035714285714285713,-7.004859782921845,-8.998670082576238
11.010067172812644,62.179971162855495,-0.9603999999999928,553,13,0.035786012855176144,0.023508137432188065,-1.6416434698358624,-1.7539026797698796
11.010067172812644,67.1799711628555,-0.9603999999999928,2903,46,0.035342412298758695,0.01584567688598002,-5.806784881187584,-6.510424219967147
11.010067172812644,72.1799711628555,-0.9603999999999928,520,24,0.03490411152397766,0.046153846153846156,1.1708526372630297,1.1260228037858802
11.010067172812644,77.1799711628555,-0.9603999999999928,1543,36,0.03447105212321873,0.023331173039533377,-2.5422568912523005,-2.705033217534006
11.010067172812644,77.1799711628555,4.039600000000007,1257,0,0.03604851798806079,0.0,-6.856204433552708,-9.607277927191769
11.010067172812644,82.1799711628555,-0.9603999999999928,1132,19,0.03404317621117943,0.01678445229681979,-3.2807197785423803,-3.636808814870162
11.010067172812644,82.1799711628555,4.039600000000007,2364,10,0.03560178358653144,0.004230118443316413,-8.253923741769821,-10.428283024581356
11.010067172812644,87.1799711628555,-5.960399999999993,673,8,0.032852979583102196,0.01188707280832095,-3.089844228147743,-3.5500177824627754
11.010067172812644,87.1799711628555,-0.9603999999999928,1475,5,0.03362042642329434,0.003389830508474576,-6.454559032183323,-8.241684752608425
11.010067172812644,87.1799711628555,4.039600000000007,594,0,0.035160383445848105,0.0,-4.652565116213686,-6.520931651120163
11.010067172812644,92.1799711628555,-5.960399999999993,1552,192,0.03244451328655743,0.12371134020618557,18.30166640026585,14.474159851971226
11.010067172812644,92.1799711628555,-0.9603999999999928,921,0,0.03320274591407336,0.0,-5.624049208471341,-7.886560620061502
11.010067172812644,92.1799711628555,4.039600000000007,1610,0,0.03472425885154554,0.0,-7.610334301822432,-10.667687369099077
11.010067172812644,97.1799711628555,-0.9603999999999928,767,13,0.03279007835535631,0.01694915254237288,-2.5285564046276696,-2.7868291330437014
11.010067172812644,97.1799711628555,4.039600000000007,475,0,0.03429335161235189,0.0,-4.107042153335624,-5.757639197686797
11.010067172812644,102.1799711628555,-5.960399999999993,615,30,0.03164225666129244,0.04878048780487805,2.157351061272842,2.01967120590779
11.010067172812644,102.1799711628555,-0.9603999999999928,535,0,0.03238236793448685,0.0,-4.231353467197651,-5.934859509233283
11.010067172812644,102.1799711628555,4.039600000000007,1511,19,0.03386760405866608,0.01257445400397088,-4.638188005569705,-5.313491352369959
11.010067172812644,107.1799711628555,-5.960399999999993,622,12,0.03124835711108215,0.01929260450160772,-1.7830670525482504,-1.9207694288667714
11.010067172812644,107.1799711628555,4.039600000000007,2162,0,0.03344695904094681,0.0,-8.649546110106849,-12.12842111999391
11.010067172812644,112.1799711628555,-5.960399999999993,1072,15,0.030859204769196805,0.013992537313432836,-3.2523839080316215,-3.6425604511920824
11.010067172812644,112.1799711628555,4.039600000000007,2031,5,0.03303135992801561,0.002461841457410143,-7.719584851896103,-10.023053978457886
11.010067172812644,117.1799711628555,4.039600000000007,592,0,0.03262075060527814,0.0,-4.467961731063256,-6.266336069358825
11.010067172812644,122.1799711628555,-5.960399999999993,7866,61,0.030094928844069214,0.007754894482583269,-11.673082336615334,-13.885825219502346
11.010067172812644,122.1799711628555,4.039600000000007,702,5,0.03221507547286492,0.007122507122507123,-3.786227953969045,-4.565880907299495
11.010067172812644,127.17997116285548,-5.960399999999993,486,0,0.02971970008375248,0.0,-3.8582622074589805,-5.4153035367923374
11.010067172812644,132.17997116285548,-5.960399999999993,2182,106,0.029349008172943804,0.04857928505957837,4.812035410740403,4.445574919270288
11.010067172812644,137.17997116285548,-5.960399999999993,1893,103,0.02898280176859232,0.054410987849973586,6.024166875784743,5.440306830529452
11.010067172812644,142.17997116285548,-5.960399999999993,1218,23,0.028621030021441136,0.018883415435139574,-2.1312593555968014,-2.2752935420020024
11.010067172812644,147.17997116285548,4.039600000000007,526,7,0.030258802451023425,0.013307984790874524,-2.308104471206272,-2.5944436977466565
11.010067172812644,152.17997116285548,-5.960399999999993,837,32,0.02791058955546257,0.038231780167264036,1.5951922924463746,1.5221451209559451
11.010067172812644,152.17997116285548,4.039600000000007,840,0,0.029881593434965503,0.0,-5.086618270932011,-7.139075976765208
11.010067172812644,152.17997116285548,9.039600000000007,2888,14,0.02919691367856199,0.004847645429362881,-7.798615164235644,-9.633719783125493
11.010067172812644,157.17997116285548,-5.960399999999993,3479,11,0.0275618215840902,0.0031618281115263006,-8.808354937901509,-11.171242061173032
11.010067172812644,157.17997116285548,4.039600000000007,979,0,0.029508943650910804,0.0,-5.455975465500126,-7.658208275248365
11.010067172812644,162.17997116285548,4.039600000000007,1182,0,0.02914080154125223,0.0,-5.956365781801292,-8.36137125444729
11.010067172812644,167.17997116285548,4.039600000000007,1094,0,0.028777116043254742,0.0,-5.693415006135784,-7.993000720292518
11.010067172812644,177.17997116285548,-5.960399999999993,760,0,0.026208629361769712,0.0,-4.5226813468899545,-6.3536177998267025
11.010067172812644,182.17997116285548,-5.960399999999993,786,5,0.025880562697875198,0.006361323155216285,-3.464590597433583,-4.141941108418172
11.010067172812644,187.17997116285548,-5.960399999999993,614,6,0.025556494835958985,0.009771986970684038,-2.5054865803628066,-2.8629468325856178
11.010067172812644,192.17997116285548,-0.9603999999999928,836,0,0.025830654511337196,0.0,-4.708186030251414,-6.6148656884814505
11.010067172812644,197.17997116285548,-5.960399999999993,2578,103,0.024920171750025682,0.03995345228859581,4.483661405477339,4.158694786455808
11.010067172812644,197.17997116285548,-0.9603999999999928,6497,0,0.02550719521944211,0.0,-13.040626849778754,-18.32323217732958
11.010067172812644,202.17997116285548,-5.960399999999993,2041,7,0.024607825797987187,0.0034296913277804997,-6.189659344532978,-7.751994564616061
11.010067172812644,202.17997116285548,-0.9603999999999928,1939,5,0.02518768165618529,0.0025786487880350697,-6.363600310580566,-8.131743087680167
11.010067172812644,207.17997116285548,-5.960399999999993,2400,0,0.02429929718592787,0.0,-7.7311512228013655,-10.866328885292782
11.010067172812644,207.17997116285548,-0.9603999999999928,960,8,0.024872068298009937,0.008333333333333333,-3.31785917936821,-3.846568398277844
11.010067172812644,212.17997116285548,-5.960399999999993,1379,5,0.02399454169238362,0.0036258158085569255,-4.954830007977343,-6.169946850175259
11.010067172812644,212.17997116285548,-0.9603999999999928,1032,10,0.024560310081522683,0.009689922480620155,-3.120660057785428,-3.553573124702516
11.010067172812644,232.17997116285548,-0.9603999999999928,872,18,0.023350943301778754,0.020642201834862386,-0.6175805954622532,-0.6318470576023422
11.010067172812644,237.17997116285548,-0.9603999999999928,2160,93,0.023057800737368347,0.043055555555555555,5.762320213831797,5.194492710170437
11.010067172812644,242.17997116285548,-0.9603999999999928,2313,0,0.022768252428163622,0.0,-7.340977305592303,-10.321990899257976
11.010067172812644,247.17997116285548,4.039600000000007,2270,165,0.023524457536939495,0.07268722466960352,14.402838353464745,11.77478837814867
11.010067172812644,252.17997116285548,4.039600000000007,1590,60,0.023229188522278656,0.03773584905660377,3.541933772041666,3.275395160914035
11.010067172812644,257.1799711628555,4.039600000000007,1631,87,0.022937538542496867,0.05334150827713059,7.670077451337603,6.631662705693843
11.010067172812644,262.1799711628555,4.039600000000007,4644,108,0.022649465413323033,0.023255813953488372,0.036049934793181214,0.03602980179460086
11.510067172812644,52.179971162855495,-30.960399999999993,490,6,0.031214307502401662,0.012244897959183673,-2.4483978158999573,-2.7884117720158885
11.510067172812644,62.179971162855495,4.039600000000007,556,0,0.038321468176194605,0.0,-4.706992485374598,-6.591771866531084
11.510067172812644,67.1799711628555,-20.960399999999993,640,8,0.03204274858014998,0.0125,-2.8470569325249446,-3.2442490039399643
11.510067172812644,67.1799711628555,-0.9603999999999928,593,0,0.036389137089003785,0.0,-4.732192268172621,-6.630409773626851
11.510067172812644,67.1799711628555,4.039600000000007,498,0,0.0378476719923526,0.0,-4.426009476871754,-6.199045551250928
11.510067172812644,72.1799711628555,-0.9603999999999928,892,0,0.03593833890987192,0.0,-5.766456511311528,-8.080497532531838
11.510067172812644,72.1799711628555,4.039600000000007,1266,0,0.03737950600499867,0.0,-7.011421562412195,-9.821362087325449
11.510067172812644,77.1799711628555,-0.9603999999999928,2808,164,0.03549291963768412,0.0584045584045584,5.8012228888346895,5.3775811311249315
11.510067172812644,77.1799711628555,4.039600000000007,528,0,0.03691690891176407,0.0,-4.498810988633213,-6.302543947941251
11.510067172812644,82.1799711628555,-5.960399999999993,1374,169,0.033956051721437217,0.12299854439592431,16.390047036580732,13.11451730476969
11.510067172812644,82.1799711628555,-0.9603999999999928,1080,77,0.03505282016228356,0.0712962962962963,5.825654973444424,5.200704586777658
11.510067172812644,82.1799711628555,4.039600000000007,514,0,0.03645981993955795,0.0,-4.410155517038829,-6.17908086380395
11.510067172812644,87.1799711628555,-5.960399999999993,1948,232,0.033534346289615956,0.11909650924024641,18.90358575263828,15.177387277927714
11.510067172812644,87.1799711628555,-0.9603999999999928,5868,61,0.03461798189779506,0.010395364689843218,-10.247658990641876,-12.003164362657882
11.510067172812644,87.1799711628555,4.039600000000007,897,9,0.03600817884352614,0.010033444816053512,-4.212512825610492,-4.969870256746723
11.510067172812644,92.1799711628555,-5.960399999999993,641,21,0.03311769854110627,0.0327613104524181,-0.2006720179167322,-0.20205787059454478
11.510067172812644,97.1799711628555,-5.960399999999993,1055,45,0.0327060522536324,0.04265402843601896,1.5295997442399167,1.4735496545094684
11.510067172812644,97.1799711628555,-0.9603999999999928,1442,206,0.03376385727064869,0.14285714285714285,20.505853602820764,15.91315405306677
11.510067172812644,97.1799711628555,4.039600000000007,660,0,0.03512100193477711,0.0,-4.901386943218582,-6.869745298537651
11.510067172812644,102.1799711628555,-5.960399999999993,886,0,0.03229935172003802,0.0,-5.438050643839482,-7.62752694376712
11.510067172812644,102.1799711628555,-0.9603999999999928,522,5,0.033344456344113906,0.009578544061302681,-3.0504901534808098,-3.5894056682684483
11.510067172812644,102.1799711628555,4.039600000000007,596,0,0.034685348262721676,0.0,-4.627662848021849,-6.486832111461743
11.510067172812644,107.1799711628555,4.039600000000007,520,6,0.03425490674538027,0.011538461538461539,-2.881042088951962,-3.335098192022284
11.510067172812644,112.1799711628555,4.039600000000007,461,6,0.033829619759923615,0.013015184381778741,-2.5079723483520255,-2.861872081409635
11.510067172812644,117.1799711628555,4.039600000000007,2279,7,0.03340943020343336,0.00307152259763054,-8.074256564135968,-10.365679457072156
11.510067172812644,122.1799711628555,-5.960399999999993,779,12,0.030720910900951293,0.01540436456996149,-2.534450981284316,-2.8040787727544
11.510067172812644,127.17997116285548,-5.960399999999993,1744,118,0.03033812142012708,0.0676605504587156,8.311020160733673,7.276209331646065
11.510067172812644,132.17997116285548,-5.960399999999993,1659,49,0.02995995415519748,0.029535864978902954,-0.3082271106817537,-0.31037839251069627
11.510067172812644,132.17997116285548,-0.9603999999999928,451,0,0.03093178283678222,0.0,-3.7941419240002245,-5.3236344312971715
11.510067172812644,137.17997116285548,-5.960399999999993,490,5,0.02958635694711475,0.01020408163265306,-2.558506632648874,-2.9556897407048712
11.510067172812644,137.17997116285548,-0.9603999999999928,478,0,0.030546448649064716,0.0,-3.8808853099516796,-5.445889814609981
11.510067172812644,147.17997116285548,-5.960399999999993,8566,94,0.028852666552005076,0.010973616623861778,-10.005794739575482,-11.437049960952065
11.510067172812644,152.17997116285548,-5.960399999999993,1796,21,0.02849247152621212,0.011692650334075724,-4.3388383506167845,-4.9171291301762095
11.510067172812644,157.17997116285548,-5.960399999999993,2060,26,0.028136642874693293,0.01262135922330097,-4.328718770005378,-4.8549772800978
11.510067172812644,162.17997116285548,-5.960399999999993,2262,0,0.027785130902612414,0.0,-8.040284096455421,-11.29067152597157
11.510067172812644,167.17997116285548,-5.960399999999993,2546,0,0.027437886400243104,0.0,-8.475119933822391,-11.902362806802222
11.510067172812644,172.17997116285548,-5.960399999999993,1397,6,0.027094860640281423,0.004294917680744453,-5.264214891109528,-6.528312156834102
11.510067172812644,172.17997116285548,4.039600000000007,3312,0,0.029107958879005007,0.0,-9.96473078439741,-13.98831513878019
11.510067172812644,172.17997116285548,9.039600000000007,3092,5,0.028191764919816627,0.0016170763260025874,-8.935729838327928,-11.757989783009846
11.510067172812644,177.17997116285548,-5.960399999999993,1638,43,0.026756005375115712,0.026251526251526252,-0.2987908309837171,-0.30095964144552906
11.510067172812644,177.17997116285548,4.039600000000007,1624,0,0.02874467113110579,0.0,-6.932741024796309,-9.732975547821367
11.510067172812644,182.17997116285548,-5.960399999999993,1674,25,0.026421272834055806,0.014934289127837515,-3.0086388996435565,-3.278874884874149
11.510067172812644,187.17997116285548,-5.960399999999993,714,0,0.02609061572052353,0.0,-4.373528840325334,-6.1442702091967885
11.510067172812644,187.17997116285548,-0.9603999999999928,3259,6,0.026940418171816,0.001841055538508745,-8.859127244893244,-11.567015129260675
11.510067172812644,187.17997116285548,9.039600000000007,6300,134,0.02714799875808038,0.02126984126984127,-3.1199220075036522,-3.2508558864370105
11.510067172812644,192.17997116285548,-5.960399999999993,759,0,0.025763987209206383,0.0,-4.480178687355522,-6.294630100363375
11.510067172812644,192.17997116285548,4.039600000000007,2382,11,0.027681017370142096,0.004617968094038623,-6.883228989013049,-8.501987940895495
11.510067172812644,197.17997116285548,-5.960399999999993,5291,77,0.025441340943176575,0.014553014553014554,-5.1634612991576345,-5.618546163206979
11.510067172812644,202.17997116285548,-5.960399999999993,3406,5,0.02512263103097685,0.001467997651203758,-8.828542918415511,-11.615322215403062
11.510067172812644,202.17997116285548,-0.9603999999999928,6899,28,0.025941744880542416,0.0040585592114799245,-11.466121512430062,-14.23636282632605
11.510067172812644,202.17997116285548,4.039600000000007,2829,0,0.026993261802592372,0.0,-8.859031241734714,-12.44295177824121
11.510067172812644,207.17997116285548,-5.960399999999993,966,0,0.02480781204367574,0.0,-4.957214231395718,-6.96657840887593
11.510067172812644,207.17997116285548,-0.9603999999999928,5691,10,0.025616931062149347,0.0017571604287471446,-11.404321947150825,-14.891705045462833
11.510067172812644,212.17997116285548,-5.960399999999993,1079,7,0.02449683901189261,0.006487488415199258,-3.8481396812827158,-4.569001926105338
11.510067172812644,212.17997116285548,-0.9603999999999928,7210,21,0.025296078584868542,0.002912621359223301,-12.126276831785393,-15.382270603431474
11.510067172812644,217.17997116285548,-5.960399999999993,1245,5,0.024189667422795894,0.004016064257028112,-4.646078213963033,-5.744253756345274
11.510067172812644,222.17997116285548,-5.960399999999993,1499,10,0.02388625321707507,0.0066711140760507,-4.390811312390868,-5.186831997271476
11.510067172812644,222.17997116285548,4.039600000000007,2582,8,0.025667247150433073,0.003098373353989156,-7.266087026566469,-9.188155825338361
11.510067172812644,227.17997116285548,-5.960399999999993,1900,58,0.023586552785888035,0.030526315789473683,1.7598321376412878,1.6934858374863342
11.510067172812644,227.17997116285548,-0.9603999999999928,5604,6,0.02435683469276746,0.0010706638115631692,-11.314749385148637,-15.06221003874722
11.510067172812644,232.17997116285548,-5.960399999999993,8645,56,0.023290522967786678,0.006477732793522267,-10.42383793576958,-12.319538870613382
11.510067172812644,232.17997116285548,-0.9603999999999928,2984,11,0.02405137536691724,0.003686327077747989,-7.279290527484045,-9.054837953424643
11.510067172812644,237.17997116285548,-5.960399999999993,6869,285,0.02299812104562035,0.04149075556849614,9.502016139664674,8.62012024584896
11.510067172812644,252.17997116285548,4.039600000000007,3095,66,0.0237963915625113,0.021324717285945073,-1.0759979928185177,-1.0986271696055059
11.510067172812644,257.1799711628555,4.039600000000007,3168,17,0.023497791482137462,0.005366161616161616,-6.7659210567611865,-8.145984067414677
11.510067172812644,262.1799711628555,4.039600000000007,4897,117,0.023202849215378064,0.023892178885031652,0.06199832525564747,0.06194115426604784
12.010067172812644,37.179971162855495,-45.96039999999999,509,18,0.028244267706581297,0.03536345776031434,0.8191186196615711,0.7935628932446878
12.010067172812644,42.179971162855495,-35.96039999999999,508,21,0.030399606350395625,0.04133858267716536,1.2456155623321903,1.1908845627216198
12.010067172812644,52.179971162855495,-25.960399999999993,924,7,0.032307088628299514,0.007575757575757576,-4.277635212243201,-5.131437238500874
12.010067172812644,57.179971162855495,-0.9603999999999928,450,57,0.03951230047410366,0.12666666666666668,8.427548561853358,6.939274808758324
12.010067172812644,62.179971162855495,-0.9603999999999928,761,140,0.039024378620658794,0.18396846254927726,18.035842547194314,13.799989687369873
12.010067172812644,67.1799711628555,-5.960399999999993,484,112,0.036932118304972845,0.23140495867768596,19.54488497847157,14.11967224755926
12.010067172812644,67.1799711628555,4.039600000000007,463,97,0.03981371956327743,0.20950323974082075,16.145725386760834,12.1131732381465
12.010067172812644,67.1799711628555,9.039600000000007,2597,16,0.03815258879592327,0.0061609549480169425,-8.546786457531514,-10.56398733384125
12.010067172812644,77.1799711628555,-0.9603999999999928,637,5,0.037595063428537044,0.007849293563579277,-3.9704525803111137,-4.807912689877099
12.010067172812644,77.1799711628555,4.039600000000007,729,0,0.038836558359128644,0.0,-5.4273210207570175,-7.599510567800223
12.010067172812644,82.1799711628555,-0.9603999999999928,2772,64,0.0371299015605432,0.023088023088023088,-4.101619832381391,-4.414380229699157
12.010067172812644,82.1799711628555,4.039600000000007,1018,0,0.0383566477463809,0.0,-6.372167661270737,-8.92363627101217
12.010067172812644,87.1799711628555,-0.9603999999999928,2682,24,0.03667027581990762,0.008948545861297539,-7.694514957220312,-9.191277717899107
12.010067172812644,87.1799711628555,4.039600000000007,1612,0,0.03788243374549663,0.0,-7.9668636216902655,-11.158245773421624
12.010067172812644,92.1799711628555,-5.960399999999993,2609,262,0.03469967140058002,0.1004216174779609,16.55825856506536,13.843215433885872
12.010067172812644,92.1799711628555,-0.9603999999999928,2279,89,0.036216125717911496,0.03905221588415972,0.3564035842920632,0.3542772362737546
12.010067172812644,92.1799711628555,4.039600000000007,1229,11,0.037413854484745435,0.008950366151342554,-5.296301587013305,-6.337347070354384
12.010067172812644,97.1799711628555,-0.9603999999999928,2315,66,0.03576739129346897,0.028509719222462204,-2.1146095735218253,-2.199247112191199
12.010067172812644,97.1799711628555,4.039600000000007,1165,0,0.036950848622672276,0.0,-6.685762496006587,-9.36623887794587
12.010067172812644,102.1799711628555,-5.960399999999993,1641,0,0.033843601918043156,0.0,-7.581739569406996,-10.63004232503262
12.010067172812644,102.1799711628555,-0.9603999999999928,519,5,0.0353240131119267,0.009633911368015413,-3.1971055391897862,-3.7800582574942476
12.010067172812644,102.1799711628555,4.039600000000007,822,0,0.03649335534717246,0.0,-5.5797591076774715,-7.817747183185942
12.010067172812644,122.1799711628555,-5.960399999999993,1868,19,0.03219220546381634,0.010171306209850108,-5.444602665864287,-6.346187160192798
12.010067172812644,127.17997116285548,-5.960399999999993,840,20,0.03179168461945466,0.023809523809523808,-1.4267762676740108,-1.4967438419504457
12.010067172812644,132.17997116285548,-5.960399999999993,875,6,0.031395985220812425,0.006857142857142857,-4.184634780304588,-5.052349756178699
12.010067172812644,137.17997116285548,-5.960399999999993,1042,34,0.031005053229088524,0.03262955854126679,0.11231051835085726,0.11196645596337862
12.010067172812644,142.17997116285548,-5.960399999999993,1016,15,0.030618835111909444,0.014763779527559055,-2.995019337168862,-3.3296182250366906
12.010067172812644,142.17997116285548,4.039600000000007,705,13,0.0330247385803555,0.018439716312056736,-2.237027530147072,-2.4415933454487826
12.010067172812644,147.17997116285548,-5.960399999999993,849,43,0.03023727784111083,0.050647820965842166,3.1340235258665876,2.8902819845708327
12.010067172812644,147.17997116285548,4.039600000000007,4878,13,0.03261420879073492,0.0026650266502665026,-11.794600319127088,-15.24257313037649
12.010067172812644,152.17997116285548,-5.960399999999993,685,0,0.02986032889045631,0.0,-4.591720527279319,-6.444521783007898
12.010067172812644,157.17997116285548,-5.960399999999993,619,0,0.02948793623329582,0.0,-4.336776538456115,-6.087292512217586
12.010067172812644,162.17997116285548,-5.960399999999993,661,0,0.029120048340165943,0.0,-4.452603352448165,-6.2504673115573315
12.010067172812644,162.17997116285548,4.039600000000007,2794,9,0.03141199943649269,0.0032211882605583395,-8.559750282333262,-10.923524410338072
12.010067172812644,167.17997116285548,-5.960399999999993,707,0,0.028756614176334575,0.0,-4.575247001394607,-6.423235697273739
12.010067172812644,167.17997116285548,4.039600000000007,1588,0,0.031020874427443165,0.0,-7.1300907299489795,-10.004138021997129
12.010067172812644,172.17997116285548,-5.960399999999993,2283,0,0.02839758319929242,0.0,-8.168632403968958,-11.469090726390702
12.010067172812644,172.17997116285548,4.039600000000007,5689,70,0.03063446546221113,0.01230444717876604,-8.137980322717528,-9.243842287345469
12.010067172812644,177.17997116285548,-5.960399999999993,3344,0,0.02804290535619357,0.0,-9.822478580241828,-13.792422166464986
12.010067172812644,177.17997116285548,-0.9603999999999928,2723,7,0.02927726729139474,0.002570694087403599,-8.279303379959304,-10.665352558704715
12.010067172812644,177.17997116285548,4.039600000000007,1624,42,0.03025271949215163,0.02586206896551724,-1.2016654549677501,-1.2365040251492714
12.010067172812644,182.17997116285548,-5.960399999999993,877,0,0.027692531081247307,0.0,-4.9978050514081795,-7.018399401481222
12.010067172812644,182.17997116285548,-0.9603999999999928,1446,10,0.028911929380792626,0.006915629322268326,-5.01994840895857,-6.01393560092266
12.010067172812644,182.17997116285548,4.039600000000007,1673,172,0.029875583970641686,0.10280932456664674,15.983372371925702,12.864986398161312
12.010067172812644,187.17997116285548,-5.960399999999993,2850,26,0.02734641129306359,0.009122807017543859,-6.019500709524279,-6.980189174753501
12.010067172812644,187.17997116285548,-0.9603999999999928,1355,22,0.028551016271828707,0.016236162361623615,-2.8017440313456747,-3.0509237655628207
12.010067172812644,187.17997116285548,4.039600000000007,843,130,0.02950300685074117,0.1542111506524318,19.19089543100803,14.191435020999164
12.010067172812644,192.17997116285548,-5.960399999999993,2891,7,0.02700449739195408,0.002421307506053269,-8.166148457686472,-10.512198135978283
12.010067172812644,197.17997116285548,-5.960399999999993,7193,15,0.02666674125719104,0.0020853607674127623,-12.956108251220599,-16.80327547094384
12.010067172812644,202.17997116285548,-5.960399999999993,5711,253,0.02633309524422597,0.04430047277184381,7.759207696030289,7.139122564500259
12.010067172812644,207.17997116285548,4.039600000000007,8169,225,0.02805725880153396,0.027543150936467132,-0.6948386266484526,-0.699955077003622
12.010067172812644,207.17997116285548,9.039600000000007,2177,18,0.026872909823501344,0.008268259072117593,-5.409741801306767,-6.326459651711708
12.010067172812644,212.17997116285548,4.039600000000007,5767,206,0.027706710303606167,0.03572047858505289,3.1933864711937234,3.0782919213959437
12.010067172812644,212.17997116285548,9.039600000000007,2028,342,0.0265367546206666,0.16863905325443787,35.6709157948831,25.204746594803947
12.010067172812644,217.17997116285548,4.039600000000007,3019,175,0.027360418280964482,0.057966213978138455,9.502830288585267,8.385568009216735
12.010067172812644,217.17997116285548,9.039600000000007,1753,504,0.026204691174577247,0.2875071306332002,58.61790905165049,36.97089563112378
12.010067172812644,222.17997116285548,4.039600000000007,9624,254,0.027018334114365203,0.026392352452202825,-0.7997223304404478,-0.8061098163088467
12.010067172812644,227.17997116285548,4.039600000000007,3362,411,0.026680409663637834,0.12224866151100536,31.351845989910913,23.721534439830663
12.010067172812644,232.17997116285548,-5.960399999999993,3537,137,0.02441492291019484,0.038733389878428046,5.056236661639822,4.697688493794576
12.010067172812644,232.17997116285548,4.039600000000007,8012,110,0.026346597264904948,0.013729405891163254,-7.204160174082354,-7.933461744165795
12.010067172812644,237.17997116285548,-5.960399999999993,17224,779,0.02410875310070429,0.045227589410125404,16.76181142443903,15.104590338191795
12.010067172812644,242.17997116285548,-5.960399999999993,1875,0,0.023806329053609295,0.0,-6.762057483012523,-9.505448222130003
12.010067172812644,242.17997116285548,-0.9603999999999928,1428,55,0.024858979483895236,0.03851540616246499,3.0244810680587175,2.822280358833406
12.010067172812644,247.17997116285548,-0.9603999999999928,4542,106,0.024547381198769362,0.023337736679876705,-0.7674392149940388,-0.7765609658497162
12.010067172812644,257.1799711628555,4.039600000000007,5441,681,0.024737580797938596,0.12516081602646573,43.57388750184374,32.20049724533502
12.010067172812644,262.1799711628555,4.039600000000007,4846,829,0.024427466082696313,0.17106892282294675,59.36528869622812,40.91937791909526
12.510067172812644,57.179971162855495,-5.960399999999993,604,64,0.040674277445132,0.10596026490066225,7.213824930522396,6.177685743265646
12.510067172812644,57.179971162855495,4.039600000000007,653,35,0.044054196509899855,0.05359877488514548,0.8714336904976278,0.8512819553935572
12.510067172812644,62.179971162855495,4.039600000000007,544,28,0.043512729422916945,0.051470588235294115,0.63755106416139,0.6254997926805721
12.510067172812644,67.1799711628555,4.039600000000007,753,0,0.042977618267527024,0.0,-5.815105694592916,-8.133653645262312
12.510067172812644,72.1799711628555,-0.9603999999999928,1709,116,0.04142828644726516,0.06787595084844938,4.744800329656077,4.41134131349818
12.510067172812644,72.1799711628555,4.039600000000007,787,0,0.04244879575549596,0.0,-5.906620248046352,-8.262805431707212
12.510067172812644,77.1799711628555,-0.9603999999999928,1224,16,0.04091771276555677,0.013071895424836602,-4.97977712848518,-5.792247602777898
12.510067172812644,77.1799711628555,4.039600000000007,1153,61,0.041926195131283345,0.05290546400693842,1.4465670789314793,1.404264025913711
12.510067172812644,82.1799711628555,-5.960399999999993,490,5,0.03822460523494851,0.01020408163265306,-3.263360865214033,-3.8648521708930477
12.510067172812644,82.1799711628555,-0.9603999999999928,1864,0,0.04041316624704794,0.0,-8.860174033266984,-12.40117749229563
12.510067172812644,82.1799711628555,4.039600000000007,1212,92,0.04140975017242873,0.07590759075907591,5.281973986994236,4.817218703734667
12.510067172812644,87.1799711628555,-5.960399999999993,1462,138,0.037751959625244004,0.09439124487004104,10.178198453859727,8.764663255986264
12.510067172812644,87.1799711628555,-0.9603999999999928,2582,145,0.03991458225013284,0.05615801704105345,3.5365536514135445,3.3711629883807945
12.510067172812644,87.1799711628555,4.039600000000007,1378,102,0.04089939518979048,0.07402031930333818,5.442533129220921,4.973532187764444
12.510067172812644,92.1799711628555,4.039600000000007,2031,52,0.04039506502764185,0.025603151157065487,-3.5770936172159575,-3.8402568029772426
12.510067172812644,97.1799711628555,-5.960399999999993,788,27,0.036823460252158935,0.03426395939086294,-0.5600593194247977,-0.5694694266350881
12.510067172812644,97.1799711628555,4.039600000000007,1102,30,0.03989669506362838,0.02722323049001815,-2.3026936482498144,-2.4478078955472644
12.510067172812644,102.1799711628555,-5.960399999999993,1115,9,0.03636748462865922,0.008071748878923767,-5.079051895339868,-6.119068690673948
12.510067172812644,102.1799711628555,-0.9603999999999928,1461,34,0.03845396696899338,0.02327173169062286,-3.1592384885200264,-3.412274250790957
12.510067172812644,107.1799711628555,-0.9603999999999928,796,8,0.03797859730114804,0.010050251256281407,-4.157801068746311,-4.928391609373278
12.510067172812644,127.17997116285548,-5.960399999999993,511,84,0.034167957413421955,0.1643835616438356,14.36866764255266,10.878211778661733
12.510067172812644,132.17997116285548,-5.960399999999993,532,191,0.03374371221655983,0.35902255639097747,34.31403933480616,22.275852526725988
12.510067172812644,132.17997116285548,-0.9603999999999928,828,76,0.035685237465224194,0.09178743961352658,7.84235097640196,6.708462340010702
12.510067172812644,137.17997116285548,-0.9603999999999928,2391,5,0.03524284045303371,0.002091175240485153,-8.801596643749383,-11.54629316965077
12.510067172812644,142.17997116285548,-0.9603999999999928,953,19,0.03480572996934994,0.01993704092339979,-2.59543122954993,-2.823423097719935
12.510067172812644,147.17997116285548,-0.9603999999999928,1003,40,0.0343738477247989,0.03988035892323031,0.7049950257572518,0.6924837543589951
12.510067172812644,147.17997116285548,4.039600000000007,4333,162,0.03522697002863745,0.03738749134548811,0.29569565848082974,0.29461019943105976
12.510067172812644,152.17997116285548,-0.9603999999999928,3348,13,0.033947135951970124,0.003882915173237754,-9.629396992586557,-12.199745882630028
12.510067172812644,152.17997116285548,4.039600000000007,1176,143,0.03479004928475374,0.12159863945578231,14.59189674772245,11.76683902543711
12.510067172812644,157.17997116285548,-0.9603999999999928,2438,42,0.03352553740382189,0.017227235438884332,-4.589766187490845,-5.062174291544752
12.510067172812644,157.17997116285548,4.039600000000007,1866,111,0.03435835468564462,0.0594855305466238,5.318424340050887,4.8843998661052455
12.510067172812644,162.17997116285548,-0.9603999999999928,1628,52,0.03310899535200033,0.03194103194103194,-0.4940437165762019,-0.4993705494093991
12.510067172812644,162.17997116285548,4.039600000000007,775,39,0.03393182848271214,0.05032258064516129,2.2029423865600823,2.0776736210420834
12.510067172812644,167.17997116285548,-0.9603999999999928,1896,0,0.032697453585075566,0.0,-8.005619911549495,-11.22769349633853
12.510067172812644,172.17997116285548,-0.9603999999999928,4941,68,0.03229085640669774,0.013762396276057479,-7.493072403938756,-8.452544207723609
12.510067172812644,172.17997116285548,4.039600000000007,1437,10,0.033094052870849155,0.006958942240779402,-5.567880962469931,-6.742832583324891
12.510067172812644,177.17997116285548,-0.9603999999999928,1475,5,0.03188914863367569,0.003389830508474576,-6.242460482872351,-7.948196298520534
12.510067172812644,177.17997116285548,4.039600000000007,1055,11,0.03268269055945193,0.01042654028436019,-4.106574252229263,-4.78157466201227
12.510067172812644,182.17997116285548,-0.9603999999999928,4736,35,0.03149227559398124,0.007390202702702703,-9.553914028807716,-11.461400721471213
12.510067172812644,187.17997116285548,-0.9603999999999928,2190,15,0.03110018312468243,0.00684931506849315,-6.572707400829514,-7.930165694121812
12.510067172812644,192.17997116285548,-0.9603999999999928,1005,19,0.030712817569806705,0.01890547263681592,-2.254917715482774,-2.4300155949005307
12.510067172812644,197.17997116285548,-5.960399999999993,3852,31,0.028671293207388565,0.008047767393561786,-7.724862054792311,-9.115486384567895
12.510067172812644,197.17997116285548,-0.9603999999999928,1763,0,0.03033012577813898,0.0,-7.4259378515145515,-10.421103303556098
12.510067172812644,197.17997116285548,9.039600000000007,1591,54,0.02938719144506112,0.0339409176618479,0.8260062252054563,0.8111022434542419
12.510067172812644,202.17997116285548,-5.960399999999993,2114,6,0.0283132964228119,0.002838221381267739,-7.07394979209335,-9.045281215974683
12.510067172812644,202.17997116285548,-0.9603999999999928,4620,9,0.02995205510095552,0.001948051948051948,-11.179246425183102,-14.621184285101638
12.510067172812644,202.17997116285548,9.039600000000007,2218,209,0.02902052284804493,0.09422903516681695,16.755904771640136,13.631807339886276
12.510067172812644,207.17997116285548,-5.960399999999993,2455,17,0.0279596410039966,0.006924643584521385,-6.3582973801361335,-7.593888206438604
12.510067172812644,207.17997116285548,-0.9603999999999928,3062,0,0.02957855338969678,0.0,-9.660750479110423,-13.559941098538424
12.510067172812644,207.17997116285548,4.039600000000007,895,0,0.030316398110842163,0.0,-5.289751771957088,-7.423337882739171
12.510067172812644,207.17997116285548,9.039600000000007,2120,244,0.02865829415181131,0.11509433962264151,21.72694278141127,16.932028227668862
12.510067172812644,212.17997116285548,-5.960399999999993,5080,24,0.02761027749997349,0.004724409448818898,-9.98822961823968,-12.313051730893571
12.510067172812644,212.17997116285548,-0.9603999999999928,7314,42,0.029209568993581694,0.005742411812961444,-11.969124198442234,-14.586485574167048
12.510067172812644,212.17997116285548,4.039600000000007,5600,19,0.029938493268338112,0.0033928571428571428,-11.68142167477673,-14.81973726195913
12.510067172812644,212.17997116285548,9.039600000000007,2885,133,0.02830045494760774,0.04610051993067591,5.2237973923412895,4.837693067118722
12.510067172812644,217.17997116285548,-0.9603999999999928,924,58,0.02884505075716588,0.06277056277056277,5.657737252487675,4.971749212387361
12.510067172812644,217.17997116285548,4.039600000000007,3947,15,0.02956515551862453,0.003800354699771979,-9.57972866823048,-12.054250450241955
12.510067172812644,222.17997116285548,-0.9603999999999928,12481,19,0.028484948017845502,0.0015223139171540742,-18.12266704192943,-23.917114822582715
12.510067172812644,222.17997116285548,4.039600000000007,3476,10,0.029196333228843716,0.0028768699654775605,-9.23308884182751,-11.816063693147001
12.510067172812644,227.17997116285548,-0.9603999999999928,5980,257,0.028129210603310407,0.042976588628762545,6.245917774458777,5.849355479579652
12.510067172812644,232.17997116285548,-5.960399999999993,1001,5,0.026254770487055854,0.004995004995004995,-4.2221876053715635,-5.161913063843277
12.510067172812644,232.17997116285548,-0.9603999999999928,1531,47,0.027777788828948144,0.03069888961463096,0.4850816589352088,0.4795732718315889
12.510067172812644,247.17997116285548,-0.9603999999999928,8934,139,0.02674892776040264,0.015558540407432282,-6.746964732238851,-7.3255064329434845
12.510067172812644,257.1799711628555,4.039600000000007,9164,238,0.026736776280487144,0.025971191619380184,-0.8553608922522592,-0.8629096601163543
12.510067172812644,262.1799711628555,4.039600000000007,2383,358,0.026402277779997672,0.15023080151070078,34.028350086596134,24.600293930552443
13.010067172812644,47.179971162855495,-5.960399999999993,465,9,0.04585805016452033,0.01935483870967742,-2.7967522681539365,-3.155439193502
13.010067172812644,52.179971162855495,4.039600000000007,1288,118,0.049319298126940934,0.09161490683229814,5.992768233073919,5.471872272933538
13.010067172812644,57.179971162855495,-5.960399999999993,460,7,0.044739453176740794,0.015217391304347827,-3.1098646435937454,-3.592441934014407
13.010067172812644,57.179971162855495,-0.9603999999999928,495,0,0.04798863957456317,0.0,-4.995175521872768,-6.977573212196021
13.010067172812644,62.179971162855495,-0.9603999999999928,511,0,0.04740121238178376,0.0,-5.042549413974123,-7.044843186152004
13.010067172812644,62.179971162855495,4.039600000000007,709,86,0.0481205303334694,0.12129760225669958,7.91189795558014,6.84968549890584
13.010067172812644,67.1799711628555,4.039600000000007,1295,93,0.04753156927719173,0.07181467181467181,3.409365718707747,3.2195434396230533
13.010067172812644,72.1799711628555,-5.960399999999993,765,318,0.04311020679547284,0.41568627450980394,40.59132180376333,27.491354180740494
13.010067172812644,72.1799711628555,-0.9603999999999928,1073,18,0.04624679813492001,0.016775396085740912,-4.678577571678172,-5.367187682243398
13.010067172812644,72.1799711628555,4.039600000000007,1702,34,0.046949461142826505,0.0199764982373678,-5.389946652088083,-6.075159665353999
13.010067172812644,77.1799711628555,-5.960399999999993,1550,96,0.04257982542071122,0.06193548387096774,3.163440956635262,3.0013666185795858
13.010067172812644,82.1799711628555,-5.960399999999993,1214,275,0.04205568249813115,0.22652388797364087,27.420914131551157,20.55191346584074
13.010067172812644,82.1799711628555,-0.9603999999999928,2579,161,0.045119166983087745,0.06242729740209384,3.4397997573934065,3.29276629991732
13.010067172812644,82.1799711628555,4.039600000000007,750,0,0.04580551986556733,0.0,-6.0002741005381655,-8.386397086358487
13.010067172812644,87.1799711628555,-5.960399999999993,790,60,0.041537711672570976,0.0759493670886076,4.244774552029725,3.8731938556571452
13.010067172812644,87.1799711628555,-0.9603999999999928,1967,14,0.04456522063573457,0.0071174377224199285,-8.088216137204231,-9.994171722664516
13.010067172812644,87.1799711628555,4.039600000000007,1328,0,0.045243546150261535,0.0,-7.932883104325053,-11.089189594587703
13.010067172812644,92.1799711628555,-5.960399999999993,826,0,0.041025847122141676,0.0,-5.9445002740901245,-8.318905621571377
13.010067172812644,92.1799711628555,4.039600000000007,732,0,0.044688144214992766,0.0,-5.851660436611076,-8.181096135966706
13.010067172812644,97.1799711628555,4.039600000000007,546,19,0.04413924509460244,0.0347985347985348,-1.2163413119746473,-1.2677314379142375
13.010067172812644,102.1799711628555,-0.9603999999999928,695,0,0.042942033938926705,0.0,-5.5842465746611465,-7.810821537189063
13.010067172812644,107.1799711628555,-0.9603999999999928,686,90,0.04241362987309239,0.13119533527696792,10.168686021486058,8.449741160485575
13.010067172812644,112.1799711628555,-0.9603999999999928,653,35,0.04189144324683116,0.05359877488514548,1.1757959461482392,1.1388707182965254
13.010067172812644,112.1799711628555,4.039600000000007,812,137,0.042530882933193244,0.1687192118226601,15.545371444591705,12.338606369683381
13.010067172812644,117.1799711628555,-5.960399999999993,476,251,0.03855585206488551,0.5273109243697479,42.95085783369757,27.105766242692546
13.010067172812644,117.1799711628555,-0.9603999999999928,689,58,0.04137540787336632,0.0841799709724238,4.9773076017425435,4.457447442952282
13.010067172812644,117.1799711628555,4.039600000000007,582,35,0.04200731604223118,0.06013745704467354,1.8225135778185246,1.7333823302873859
13.010067172812644,122.1799711628555,-5.960399999999993,469,105,0.038079272768113084,0.22388059701492538,18.132310826401174,13.285051884967988
13.010067172812644,122.1799711628555,-0.9603999999999928,718,64,0.0408654580992509,0.08913649025069638,5.787815941809628,5.118422199881679
13.010067172812644,127.17997116285548,-0.9603999999999928,1086,133,0.040361528804454115,0.12246777163904236,12.195535935645864,10.152560815569858
13.010067172812644,132.17997116285548,-0.9603999999999928,1109,23,0.03986355540231008,0.020739404869251576,-3.3613695799168655,-3.700888794976265
13.010067172812644,137.17997116285548,-0.9603999999999928,1101,0,0.03937147383933057,0.0,-6.717485787720016,-9.404723376679991
13.010067172812644,142.17997116285548,-0.9603999999999928,622,0,0.03888522059488879,0.0,-5.016488812730194,-7.0241605163162815
13.010067172812644,142.17997116285548,4.039600000000007,675,0,0.03948066355966538,0.0,-5.26733635645328,-7.374250687606236
13.010067172812644,147.17997116285548,-0.9603999999999928,690,0,0.03840473268077517,0.0,-5.249534086280519,-7.351398431803835
13.010067172812644,162.17997116285548,-0.9603999999999928,586,9,0.036997239011831135,0.015358361774744027,-2.8263923213946573,-3.1969371503639077
13.010067172812644,167.17997116285548,-0.9603999999999928,613,43,0.03653919316295997,0.0701468189233279,3.9600162459929567,3.5745550708509373
13.010067172812644,172.17997116285548,-0.9603999999999928,645,131,0.03608660566568849,0.20310077519379846,19.82443512341184,14.598723091823622
13.010067172812644,172.17997116285548,4.039600000000007,954,294,0.036640827663892546,0.3081761006289308,37.406246060318395,25.55121043493216
13.010067172812644,177.17997116285548,-0.9603999999999928,673,42,0.035639416710357065,0.06240713224368499,3.332073797840793,3.055687850889327
13.010067172812644,177.17997116285548,4.039600000000007,9259,25,0.036187028568239715,0.002700075602116859,-17.280831592943326,-22.420933425034956
13.010067172812644,182.17997116285548,-0.9603999999999928,565,6,0.0351975670133749,0.010619469026548672,-3.2015339043456206,-3.747950711444012
13.010067172812644,182.17997116285548,4.039600000000007,7686,107,0.035738641301923044,0.013921415560759823,-10.46583363896794,-11.924297742598487
13.010067172812644,187.17997116285548,4.039600000000007,833,8,0.035295606464190075,0.009603841536614645,-4.052061588345701,-4.791992017779465
13.010067172812644,192.17997116285548,9.039600000000007,1899,190,0.0324674092825425,0.10005265929436545,15.081987526188698,12.434879801769544
13.010067172812644,202.17997116285548,-0.9603999999999928,1421,10,0.033482393472544995,0.007037297677691766,-5.57132759356018,-6.7468779602340785
13.010067172812644,207.17997116285548,-0.9603999999999928,3216,316,0.03306636912767733,0.09825870646766169,18.74598624441412,15.572468996937435
13.010067172812644,212.17997116285548,-0.9603999999999928,3085,328,0.032655339306222206,0.10632090761750405,20.855325056700757,17.01543532449333
13.010067172812644,217.17997116285548,-0.9603999999999928,2156,42,0.0322492483647844,0.01948051948051948,-3.48738301705689,-3.767600415293528
13.010067172812644,222.17997116285548,-0.9603999999999928,772,0,0.03184804117292488,0.0,-5.039393238505765,-7.069189939989329
13.010067172812644,222.17997116285548,4.039600000000007,2131,0,0.032339350824356274,0.0,-8.439094177472665,-11.836732244492135
13.010067172812644,227.17997116285548,4.039600000000007,2934,0,0.03193705967653952,0.0,-9.838428240890353,-13.800889758684649
13.010067172812644,232.17997116285548,4.039600000000007,3737,0,0.031539609790657244,0.0,-11.031860855052924,-15.476578201133455
13.010067172812644,237.17997116285548,4.039600000000007,3553,0,0.03114694694284492,0.0,-10.687506434413624,-14.995011603280798
13.010067172812644,242.17997116285548,-0.9603999999999928,1196,34,0.03029096513182272,0.028428093645484948,-0.5420086273384949,-0.5499561908038677
13.010067172812644,242.17997116285548,4.039600000000007,2619,18,0.030759017416457455,0.006872852233676976,-7.117894110657574,-8.57743866779349
13.010067172812644,247.17997116285548,-0.9603999999999928,2233,0,0.029913367540613967,0.0,-8.297967986879696,-11.646114024727964
13.010067172812644,247.17997116285548,4.039600000000007,3676,98,0.03037576799987461,0.02665941240478781,-1.5781151266094258,-1.617545555221263
13.010067172812644,252.17997116285548,4.039600000000007,12836,1030,0.02999714598424248,0.08024306637581802,30.570914788694623,25.851550469712315
13.010067172812644,257.1799711628555,4.039600000000007,2513,102,0.029623099161153632,0.04058893752487067,2.8299273656891764,2.701534134063692
13.510067172812644,37.179971162855495,4.039600000000007,464,14,0.05783059279638331,0.03017241379310345,-2.673334807939451,-2.9404736056530307
13.510067172812644,47.179971162855495,4.039600000000007,724,58,0.05643722855590619,0.08011049723756906,2.148732311539075,2.0549773577068122
13.510067172812644,52.179971162855495,4.039600000000007,481,40,0.055752438989832585,0.08316008316008316,2.091406884439956,1.9841407475134967
13.510067172812644,67.1799711628555,-5.960399999999993,724,58,0.04906845357035218,0.08011049723756906,3.2494304333069173,3.0312607602224366
13.510067172812644,72.1799711628555,-5.960399999999993,679,0,0.04846848136221827,0.0,-5.881024709284873,-8.213938822463135
13.510067172812644,72.1799711628555,4.039600000000007,662,39,0.05309074645850946,0.05891238670694864,0.30041590803765916,0.29819587613695203
13.510067172812644,77.1799711628555,-5.960399999999993,855,16,0.047875475825979216,0.01871345029239766,-4.0786161590856675,-4.640533099744591
13.510067172812644,77.1799711628555,4.039600000000007,520,15,0.052444305059247666,0.028846153846153848,-2.532435317554632,-2.768122481661038
13.510067172812644,82.1799711628555,-0.9603999999999928,1258,22,0.05155075561545918,0.017488076311605722,-5.559999113747926,-6.419947876958498
13.510067172812644,82.1799711628555,4.039600000000007,673,83,0.051805304202531606,0.12332838038632987,7.19326600837082,6.3041928013946995
13.510067172812644,87.1799711628555,-0.9603999999999928,956,62,0.05092205700616737,0.06485355648535565,1.4486832532025202,1.4072465395413254
13.510067172812644,87.1799711628555,4.039600000000007,746,182,0.05117366868818796,0.24396782841823056,20.038566088848448,15.546611370735036
13.510067172812644,92.1799711628555,-0.9603999999999928,1784,93,0.05030061919025996,0.052130044843049325,-0.149354413477013,-0.14970978977023905
13.510067172812644,92.1799711628555,4.039600000000007,714,161,0.05054932382179587,0.22549019607843138,18.01900997933965,14.13228562182204
13.510067172812644,97.1799711628555,-0.9603999999999928,1046,159,0.04968636818745554,0.15200764818355642,13.141664982093351,11.007849988424413
13.510067172812644,97.1799711628555,4.039600000000007,2415,32,0.04993219541784997,0.013250517598343685,-8.370381910518605,-9.903305265722125
13.510067172812644,102.1799711628555,-0.9603999999999928,537,54,0.04907923053045704,0.1005586592178771,4.759091145631836,4.273258073176772
13.510067172812644,102.1799711628555,4.039600000000007,854,27,0.049322209802706164,0.03161592505854801,-2.5598569183601376,-2.7443545225196218
13.510067172812644,107.1799711628555,-0.9603999999999928,773,71,0.04847913326760169,0.09184993531694696,4.82138893483224,4.386027842852997
13.510067172812644,107.1799711628555,4.039600000000007,2083,54,0.0487192938173154,0.025924147863658185,-5.035521320368084,-5.527225829267504
13.510067172812644,117.1799711628555,-0.9603999999999928,463,0,0.047299770710309635,0.0,-4.794484052082987,-6.698455874736185
13.510067172812644,122.1799711628555,-0.9603999999999928,501,0,0.04672036211172633,0.0,-4.95520703667182,-6.92406551779009
13.510067172812644,142.17997116285548,4.039600000000007,992,6,0.044690795332993166,0.006048387096774193,-5.913667699428618,-7.394117993900285
13.510067172812644,147.17997116285548,4.039600000000007,654,94,0.04414186515388567,0.1437308868501529,10.854953930046994,8.949011902382399
13.510067172812644,157.17997116285548,4.039600000000007,862,42,0.04306324101226188,0.048723897911832945,0.5031258160976343,0.49701012606581046
13.510067172812644,167.17997116285548,4.039600000000007,1525,50,0.04200981511423913,0.03278688524590164,-2.030447857953213,-2.1189483035648236
13.510067172812644,187.17997116285548,-0.9603999999999928,758,17,0.03977757122239052,0.022427440633245383,-2.5415078679625904,-2.7701756680268774
13.510067172812644,192.17997116285548,-0.9603999999999928,781,321,0.0392865076306884,0.41101152368758004,43.060218459439454,28.478067883778294
13.510067172812644,197.17997116285548,-0.9603999999999928,858,7,0.03880126136695211,0.008158508158508158,-4.676716452168101,-5.658683515586679
13.510067172812644,202.17997116285548,-0.9603999999999928,871,73,0.03832176953549396,0.08381171067738231,6.2432429882924705,5.5107266595201025
13.510067172812644,207.17997116285548,-0.9603999999999928,907,95,0.037847969772365875,0.10474090407938258,9.448852460592743,7.985765751683305
13.510067172812644,212.17997116285548,-0.9603999999999928,1837,412,0.03737980024465282,0.22427871529667937,36.45391652312394,26.57436235070011
13.510067172812644,217.17997116285548,-0.9603999999999928,2285,67,0.036917199649651324,0.029321663019693654,-2.168410588424122,-2.2565367112840313
13.510067172812644,217.17997116285548,4.039600000000007,629,245,0.037102316957485164,0.38950715421303655,38.04178884134456,24.99297771071015
13.510067172812644,222.17997116285548,-0.9603999999999928,3421,295,0.03646010721393595,0.08623209587839813,13.961040595831493,12.135490732149098
13.510067172812644,222.17997116285548,4.039600000000007,1067,74,0.03664301968786814,0.06935332708528585,5.0721623476508535,4.590218503423838
13.510067172812644,227.17997116285548,-0.9603999999999928,4091,222,0.036008462692318756,0.0542654607675385,5.450896117692618,5.130426571260055
13.510067172812644,227.17997116285548,4.039600000000007,1127,28,0.03618919446369747,0.024844720496894408,-2.173983027847768,-2.3088125117770604
13.510067172812644,232.17997116285548,-0.9603999999999928,3600,291,0.035562206366704215,0.08083333333333333,13.212061541063925,11.562099205410743
13.510067172812644,232.17997116285548,4.039600000000007,1605,182,0.03574078135533869,0.1133956386292835,15.05301538301564,12.377396873845818
13.510067172812644,237.17997116285548,-0.9603999999999928,723,97,0.03512127904484113,0.13416320885200553,12.937770176434414,10.258611853583822
13.510067172812644,237.17997116285548,4.039600000000007,4765,135,0.035297720959515125,0.02833158447009444,-2.9386294296080107,-3.053094265726987
13.510067172812644,242.17997116285548,4.039600000000007,6438,506,0.034859954398002144,0.07859583721652687,17.26749749917363,15.12732998521226
13.510067172812644,247.17997116285548,4.039600000000007,5657,127,0.03442742331622557,0.022450061870249248,-5.201712321028516,-5.562775667325935
13.510067172812644,252.17997116285548,4.039600000000007,2749,96,0.034000069881767424,0.03492178974172426,-0.0755390528854642,-0.07563103838710424
14.010067172812644,42.179971162855495,4.039600000000007,519,129,0.06583461150681805,0.24855491329479767,13.676700936822039,11.213938015108905
14.010067172812644,52.179971162855495,-5.960399999999993,769,33,0.05833243608383533,0.04291287386215865,-2.0765411340374174,-2.186543681565787
14.010067172812644,52.179971162855495,-0.9603999999999928,547,16,0.06464055785276798,0.029250457038391225,-3.495242509011836,-3.9074387563307194
14.010067172812644,62.179971162855495,4.039600000000007,1056,62,0.06272355690670924,0.058712121212121215,-1.0021895965635328,-1.0211974748213546
14.010067172812644,67.1799711628555,-5.960399999999993,814,95,0.05623732486445502,0.1167076167076167,6.317476583170242,5.6804409901033
14.010067172812644,67.1799711628555,4.039600000000007,1471,249,0.06196750058772379,0.16927260367097213,14.243060523200548,12.2755278106383
14.010067172812644,72.1799711628555,4.039600000000007,945,219,0.06121996235476145,0.23174603174603176,18.063131599579343,14.738371679887118
14.010067172812644,77.1799711628555,-0.9603999999999928,568,51,0.06083901750924094,0.0897887323943662,2.243212876558029,2.1349790599963714
14.010067172812644,82.1799711628555,-0.9603999999999928,800,54,0.06010422033843291,0.0675,0.38454922556779164,0.3814943669561093
14.010067172812644,82.1799711628555,4.039600000000007,795,154,0.05975011387744645,0.19371069182389938,13.325268343205178,11.142471027025385
14.010067172812644,87.1799711628555,-5.960399999999993,879,5,0.05355379618217651,0.005688282138794084,-6.325539644364653,-8.019424213544163
14.010067172812644,87.1799711628555,-0.9603999999999928,1410,372,0.059377736753833975,0.26382978723404255,26.681890712987833,21.159257648298524
14.010067172812644,107.1799711628555,-0.9603999999999928,1105,55,0.05655333385654301,0.049773755656108594,-1.3476142207851036,-1.3843055093810346
14.010067172812644,112.1799711628555,-0.9603999999999928,680,41,0.05586721892164846,0.060294117647058824,0.11671052438735363,0.11638597351909465
14.010067172812644,132.17997116285548,4.039600000000007,550,12,0.05288463472169672,0.02181818181818182,-3.3400879973262674,-3.776110892424367
14.510067172812644,47.179971162855495,4.039600000000007,641,179,0.0761927949853651,0.2792511700468019,15.337445641678686,12.755254397048326
14.510067172812644,52.179971162855495,4.039600000000007,1397,262,0.07528742466641643,0.1875447387258411,12.75686143701049,11.252811248771698
14.510067172812644,57.179971162855495,-5.960399999999993,589,12,0.06711990536034732,0.02037351443123939,-4.6196563652228155,-5.384150555420274
14.510067172812644,57.179971162855495,4.039600000000007,980,168,0.07439194619272073,0.17142857142857143,9.29014100064884,8.290566697252101
14.510067172812644,62.179971162855495,4.039600000000007,791,33,0.07350627200400528,0.041719342604298354,-3.680244019356848,-4.005217986222674
14.510067172812644,67.1799711628555,-5.960399999999993,1332,87,0.06551828950149538,0.06531531531531531,-0.6405446283454057,-0.6471003088536356
14.510067172812644,72.1799711628555,-5.960399999999993,522,259,0.06473087259821331,0.49616858237547895,30.313935885511324,22.26034162810242
14.510067172812644,72.1799711628555,4.039600000000007,691,11,0.07176398767665462,0.015918958031837915,-5.7584570556059544,-6.900227411187784
14.510067172812644,77.1799711628555,-0.9603999999999928,1282,42,0.07213075573947444,0.0327613104524181,-5.683492025756645,-6.347894659476719
14.510067172812644,77.1799711628555,4.039600000000007,492,61,0.07090720388987362,0.12398373983739837,3.609826910980631,3.357437273939772
14.510067172812644,82.1799711628555,4.039600000000007,935,61,0.07005987711500096,0.06524064171122995,-1.089895205829129,-1.1122470468871457
14.510067172812644,87.1799711628555,4.039600000000007,995,10,0.0692219213338346,0.010050251256281407,-7.402617603531501,-9.168254310835945
14.510067172812644,92.1799711628555,-0.9603999999999928,761,102,0.06957667133813643,0.1340341655716163,5.613188819957246,5.1397578979829035
14.510067172812644,92.1799711628555,4.039600000000007,803,83,0.06839325087011174,0.10336239103362391,2.9817938832446664,2.833884935879765
14.510067172812644,112.1799711628555,-0.9603999999999928,1042,15,0.06630133396996098,0.014395393474088292,-6.809197904678356,-8.181174312068295
14.510067172812644,117.1799711628555,-0.9603999999999928,541,0,0.06550516590198852,0.0,-6.158117277795612,-8.561811306839425
14.510067172812644,117.1799711628555,4.039600000000007,581,82,0.06438620484986957,0.14113597246127366,6.220467975878364,5.566063944807891
15.010067172812644,37.179971162855495,4.039600000000007,836,139,0.09254361206769367,0.16626794258373206,5.389694506536376,5.032513000848427
15.010067172812644,52.179971162855495,-5.960399999999993,659,143,0.08014973129551764,0.21699544764795145,10.237356565862392,8.94203910230945
15.010067172812644,62.179971162855495,-5.960399999999993,492,143,0.07826328181955183,0.29065040650406504,13.785591884764916,11.462989918472626
15.010067172812644,67.1799711628555,4.039600000000007,493,38,0.08622961919422158,0.07707910750507099,-1.2040038710679475,-1.2374106440832318
15.010067172812644,72.1799711628555,4.039600000000007,594,167,0.08521598648023206,0.28114478114478114,13.262607532035283,11.288031607510744
15.010067172812644,77.1799711628555,4.039600000000007,468,94,0.08421317094569374,0.20085470085470086,7.089292393511177,6.326695897716071
15.010067172812644,82.1799711628555,4.039600000000007,467,65,0.08322108288797571,0.139186295503212,3.253259689346117,3.0595019875285603
15.010067172812644,87.1799711628555,4.039600000000007,980,234,0.08223963273813499,0.23877551020408164,14.015609559835545,12.130474963390727
15.010067172812644,92.1799711628555,4.039600000000007,596,46,0.08126873107743744,0.07718120805369127,-0.8918258897770532,-0.9087306772361223
15.010067172812644,102.1799711628555,4.039600000000007,480,5,0.0793582163956231,0.010416666666666666,-5.625829719533759,-7.0013811772661345
15.510067172812644,52.179971162855495,-0.9603999999999928,590,6,0.11120419822321007,0.010169491525423728,-7.853657712018768,-9.916805909475224
15.510067172812644,57.179971162855495,4.039600000000007,871,126,0.10571437288447182,0.1446613088404133,2.122134450585321,2.065848267349199
15.510067172812644,77.1799711628555,-0.9603999999999928,739,67,0.10497155181436464,0.09066305818673884,-2.0233236611222676,-2.0916128126104137
15.510067172812644,82.1799711628555,4.039600000000007,488,26,0.0997548803507576,0.05327868852459016,-3.720018535800453,-4.073262029449875
15.510067172812644,87.1799711628555,4.039600000000007,1000,243,0.09859941328207947,0.243,11.458887347499386,10.257047039938598
15.510067172812644,122.1799711628555,-0.9603999999999928,844,20,0.09452748656421528,0.023696682464454975,-7.171544518381508,-8.473675076316223
16.010067172812644,87.1799711628555,4.039600000000007,721,127,0.1187970146635561,0.17614424410540916,2.7871364309666498,2.6928639677932327
16.010067172812644,92.1799711628555,4.039600000000007,1475,404,0.11744975735038947,0.2738983050847458,13.135043081860442,11.958240736098544
16.010067172812644,137.17997116285548,-0.9603999999999928,941,63,0.11140157720759264,0.0669500531349628,-4.899753508293952,-5.291265090318169
16.510067172812644,57.179971162855495,-0.9603999999999928,781,21,0.1622083592107685,0.026888604353393086,-10.449548499074117,-12.586131471895374
16.510067172812644,72.1799711628555,4.039600000000007,631,125,0.14804252793102618,0.19809825673534073,1.3394904586152665,1.3189981086705918
16.510067172812644,77.1799711628555,4.039600000000007,780,256,0.1464187113839831,0.3282051282051282,9.166978853813667,8.494008605221989
16.510067172812644,82.1799711628555,4.039600000000007,1029,171,0.14480967842005735,0.1661807580174927,-0.22735889848844343,-0.2278645633369578
16.510067172812644,152.17997116285548,-0.9603999999999928,551,99,0.13151591547374122,0.17967332123411978,1.5684771462137521,1.5356682461540092
16.510067172812644,182.17997116285548,4.039600000000007,451,29,0.11562073389601414,0.06430155210643015,-3.7822876777050936,-4.119665383817854
17.010067172812644,87.1799711628555,4.039600000000007,2138,432,0.17200838546598876,0.20205799812909261,-0.5259089685069864,-0.5275063199755361
17.010067172812644,162.17997116285548,-0.9603999999999928,602,38,0.1565822446187498,0.06312292358803986,-6.766997142842993,-7.59190990792911
17.010067172812644,167.17997116285548,-0.9603999999999928,904,27,0.15488178799151484,0.029867256637168143,-10.616347618659738,-12.67165877715436
17.010067172812644,177.17997116285548,-0.9603999999999928,706,57,0.1515261505283548,0.08073654390934844,-5.918060769952879,-6.462250477752802
17.010067172812644,182.17997116285548,4.039600000000007,691,101,0.1397709799810936,0.14616497829232997,-0.993874688625399,-1.006528544091917
17.010067172812644,187.17997116285548,4.039600000000007,1178,76,0.13822317084067778,0.06451612903225806,-7.963764439491861,-8.823715478811867
17.010067172812644,192.17997116285548,4.039600000000007,1218,124,0.13668977839838561,0.10180623973727422,-4.7231762220710145,-4.975808756177715
17.010067172812644,197.17997116285548,4.039600000000007,1263,138,0.13517072862629487,0.10926365795724466,-4.014388585107687,-4.189330886829728
17.010067172812644,202.17997116285548,4.039600000000007,1311,357,0.1336659464982085,0.2723112128146453,9.644954117747144,8.993036251896859
17.010067172812644,207.17997116285548,4.039600000000007,1368,88,0.1321753560265521,0.06432748538011696,-8.08212146045483,-8.920898309051065
17.010067172812644,212.17997116285548,4.039600000000007,1430,0,0.1306988802988343,0.0,-14.662864886708373,-20.014692214156867
17.010067172812644,217.17997116285548,4.039600000000007,1500,50,0.129236441513663,0.03333333333333333,-11.381464346943972,-13.341565678640979
17.010067172812644,222.17997116285548,4.039600000000007,1578,142,0.127787961016308,0.08998732572877059,-5.618664343948895,-5.956998987649027
17.010067172812644,227.17997116285548,4.039600000000007,1078,58,0.12635335933380687,0.05380333951762523,-7.638457379886535,-8.551620710424004
17.010067172812644,232.17997116285548,4.039600000000007,1056,187,0.12493255620960095,0.17708333333333334,2.720107782711439,2.6471785095598634
17.010067172812644,237.17997116285548,4.039600000000007,1121,209,0.12352547063770349,0.1864406779661017,3.7259914952442923,3.5959602304747773
17.010067172812644,242.17997116285548,4.039600000000007,1196,140,0.1221320208963884,0.11705685618729098,-1.9358114815636722,-1.9779228513189202
17.010067172812644,247.17997116285548,4.039600000000007,1289,107,0.12075212458139738,0.08301008533747091,-5.057351622571643,-5.376828245844763
17.010067172812644,252.17997116285548,4.039600000000007,1413,155,0.11938569863865993,0.10969568294409059,-2.507669686027164,-2.574997082585599
17.010067172812644,257.1799711628555,4.039600000000007,1595,474,0.11803265939652338,0.29717868338557996,15.65756921784041,14.119085482113233
17.010067172812644,262.1799711628555,4.039600000000007,1044,345,0.11669292259748551,0.33045977011494254,15.286800431706846,13.569991230234178
17.010067172812644,267.1799711628555,4.039600000000007,524,18,0.11536640342943535,0.03435114503816794,-5.987119344447419,-6.945581084263766
17.510067172812644,82.1799711628555,4.039600000000007,538,245,0.2070949762310831,0.45539033457249073,7.306142422620416,6.936671438944653
17.510067172812644,127.17997116285548,4.039600000000007,497,24,0.18863163387629356,0.0482897384305835,-8.31801442281084,-9.655800567837325
17.510067172812644,132.17997116285548,4.039600000000007,510,155,0.18666015485915985,0.30392156862745096,3.0724017082497226,2.9844074448974824
17.510067172812644,137.17997116285548,4.039600000000007,524,202,0.1847045900969934,0.38549618320610685,6.494320167142966,6.1499929874704815
17.510067172812644,142.17997116285548,4.039600000000007,540,219,0.18276490924564057,0.40555555555555556,7.54005167108727,7.092888013996704
17.510067172812644,147.17997116285548,4.039600000000007,554,340,0.18084107981662087,0.6137184115523465,15.495954518685771,14.010467251515758
17.510067172812644,152.17997116285548,4.039600000000007,570,330,0.17893306722054414,0.5789473684210527,14.693615716273623,13.325106246813489
17.510067172812644,157.17997116285548,4.039600000000007,587,197,0.17704083481056349,0.33560477001703576,5.445515237891874,5.194432730758719
17.510067172812644,162.17997116285548,4.039600000000007,605,130,0.17516434392583158,0.21487603305785125,0.12170798112855867,0.12155303616277902
17.510067172812644,167.17997116285548,4.039600000000007,501,148,0.17330355393493743,0.2954091816367265,3.684233216838384,3.550091737064144
17.510067172812644,172.17997116285548,4.039600000000007,642,188,0.17145842227929947,0.29283489096573206,4.207662375089514,4.051674318337676
17.510067172812644,177.17997116285548,4.039600000000007,566,126,0.16962890451649124,0.2226148409893993,0.8727841048038134,0.8645631653860725
17.510067172812644,192.17997116285548,-0.9603999999999928,601,213,0.1774269747677018,0.3544093178036606,6.291483004587262,5.969917848587486
17.510067172812644,197.17997116285548,-0.9603999999999928,550,198,0.17554726414783603,0.36,6.4096484957718936,6.061963482162826
17.510067172812644,202.17997116285548,-0.9603999999999928,567,154,0.17368326289914868,0.2716049382716049,2.8286935061777956,2.751224426728665
17.510067172812644,207.17997116285548,-0.9603999999999928,778,10,0.17183492885410456,0.012853470437017995,-11.842428326244386,-14.87905151787814
17.510067172812644,212.17997116285548,-0.9603999999999928,933,23,0.17000221795245962,0.02465166130760986,-12.012913833045975,-14.570830547268741
17.510067172812644,217.17997116285548,-0.9603999999999928,495,58,0.168185084284517,0.11717171717171718,-3.9799461367306224,-4.222979524893842
17.510067172812644,227.17997116285548,4.039600000000007,588,46,0.15218145285736034,0.0782312925170068,-5.581726602503734,-6.117089689649531
17.510067172812644,232.17997116285548,4.039600000000007,710,158,0.1505202589260246,0.22253521126760564,2.5959618842544434,2.5277569231751778
17.510067172812644,237.17997116285548,4.039600000000007,760,136,0.14887401422197652,0.17894736842105263,0.24484670634579958,0.2441939164149474
17.510067172812644,242.17997116285548,4.039600000000007,824,172,0.14724265368585526,0.2087378640776699,2.2664995598712148,2.216318589329103
17.510067172812644,247.17997116285548,4.039600000000007,904,65,0.14562611096227995,0.07190265486725664,-6.9317985529243025,-7.6317912997429005
17.510067172812644,252.17997116285548,4.039600000000007,1009,159,0.14402431843977945,0.15758176412289396,-0.7683868052653465,-0.7743728874624717
17.510067172812644,257.1799711628555,4.039600000000007,1167,160,0.14243720729036657,0.13710368466152528,-2.2789251481879234,-2.331194186697053
17.510067172812644,262.1799711628555,4.039600000000007,2361,717,0.14086470750874172,0.3036848792884371,14.684592584977079,13.637532719762175
17.510067172812644,267.1799711628555,4.039600000000007,6428,1699,0.13930674795112277,0.26431238332296203,18.15916418145735,17.11302858656814
17.510067172812644,277.1799711628555,4.039600000000007,587,96,0.13623415947055567,0.1635434412265758,0.3292874232188825,0.3278411950702788
17.510067172812644,282.1799711628555,4.039600000000007,631,7,0.13471938291150778,0.011093502377179081,-9.154899484346293,-11.557687101507204
17.510067172812644,287.1799711628555,4.039600000000007,684,5,0.1332188513790871,0.007309941520467836,-9.729968636814183,-12.510684221425656
17.510067172812644,292.1799711628555,4.039600000000007,754,0,0.13173248860541487,0.0,-10.695604753500302,-14.594970770112413
17.510067172812644,297.1799711628555,4.039600000000007,843,72,0.13026021740850965,0.08540925266903915,-4.634697216881502,-4.953708086421974
17.510067172812644,302.1799711628555,4.039600000000007,969,139,0.12880195972816827,0.1434468524251806,-0.3329547781388259,-0.3341992941088601
17.510067172812644,307.1799711628555,4.039600000000007,1144,77,0.12735763666139277,0.0673076923076923,-6.739093942967717,-7.376534406513883
17.510067172812644,312.1799711628555,4.039600000000007,1432,10,0.12592716849735625,0.006983240223463687,-13.619719485658779,-17.537297061870518
17.510067172812644,317.1799711628555,4.039600000000007,2041,113,0.1245104747519002,0.05536501714845664,-10.128101113753225,-11.291072769297026
17.510067172812644,322.1799711628555,4.039600000000007,3065,29,0.12310747420155949,0.009461663947797716,-19.254709056971787,-24.458388790748188
18.010067172812644,12.179971162855493,4.039600000000007,556,23,0.27877802086212294,0.04136690647482014,-12.828391571610931,-15.123070639529415
18.010067172812644,127.17997116285548,-0.9603999999999928,516,400,0.24157935452752066,0.7751937984496124,13.795078722977259,12.911053741991655
18.010067172812644,132.17997116285548,-0.9603999999999928,573,454,0.23921764854449154,0.7923211169284468,15.237936738012056,14.219962320667953
18.010067172812644,137.17997116285548,-0.9603999999999928,653,294,0.2368718198620978,0.450229709035222,5.3258947935967615,5.161881216677453
18.010067172812644,212.17997116285548,-5.960399999999993,633,378,0.16356854210628227,0.5971563981042654,18.07958229320914,16.073284947683717
18.010067172812644,217.17997116285548,-5.960399999999993,702,357,0.16180677087041107,0.5085470085470085,15.4906153312551,13.95158075417687
18.010067172812644,222.17997116285548,-5.960399999999993,762,351,0.16006034417691223,0.46062992125984253,14.13067843239846,12.826116275373087
18.010067172812644,227.17997116285548,-5.960399999999993,2713,349,0.158329206584141,0.1286398820493918,-6.722927381708599,-7.016271594498711
18.010067172812644,232.17997116285548,-5.960399999999993,940,166,0.1566133010819479,0.17659574468085107,-0.5968835376915117,-0.6003226658041803
18.010067172812644,237.17997116285548,-5.960399999999993,2913,200,0.15491256913359983,0.06865774116031582,-13.98103119544981,-15.546248299912527
18.010067172812644,237.17997116285548,4.039600000000007,463,36,0.1776235504742577,0.07775377969762419,-6.164981093553976,-6.846599954669357
18.010067172812644,242.17997116285548,-5.960399999999993,1993,356,0.1532269507174474,0.17862518815855494,-0.2251188176337846,-0.22545603106328646
18.010067172812644,242.17997116285548,4.039600000000007,481,23,0.17574220221816822,0.04781704781704782,-7.674450811278577,-8.8864886207833
18.010067172812644,247.17997116285548,-5.960399999999993,2937,526,0.15155638436831687,0.1790943139257746,0.05498235356944207,0.05496573091428489
18.010067172812644,247.17997116285548,4.039600000000007,499,6,0.17387656761223705,0.012024048096192385,-9.605175777952596,-12.103716766158811
18.010067172812644,252.17997116285548,-5.960399999999993,5436,442,0.14990080721861782,0.08130978660779985,-16.044589775732813,-17.48957303811055
18.010067172812644,252.17997116285548,4.039600000000007,519,0,0.1720266046884428,0.0,-10.384206040919246,-13.998131236766833
18.010067172812644,257.1799711628555,4.039600000000007,540,60,0.17019226958154773,0.1111111111111111,-4.575159689742593,-4.88730656739734
18.010067172812644,262.1799711628555,4.039600000000007,562,31,0.1683735165723603,0.05516014234875445,-7.555220354751302,-8.623577381113597
18.010067172812644,267.1799711628555,4.039600000000007,585,18,0.16657029813089985,0.03076923076923077,-9.010647781374988,-10.762536673856214
18.010067172812644,272.1799711628555,4.039600000000007,611,0,0.16478256495942653,0.0,-10.979345674850991,-14.833651413241654
18.010067172812644,277.1799711628555,4.039600000000007,639,15,0.16301026603532137,0.023474178403755867,-9.697959556535945,-11.786645220051847
18.010067172812644,282.1799711628555,4.039600000000007,671,33,0.16125334865380314,0.04918032786885246,-8.252022072559258,-9.487636940464052
18.010067172812644,287.1799711628555,4.039600000000007,708,0,0.1595117584704517,0.0,-11.591700704703772,-15.68635074112935
18.010067172812644,292.1799711628555,4.039600000000007,754,27,0.15778543954352375,0.03580901856763926,-9.44587223614653,-11.131711799426387
18.010067172812644,297.1799711628555,4.039600000000007,810,61,0.15607433437604162,0.07530864197530865,-6.99666510449673,-7.714308613913339
18.010067172812644,302.1799711628555,4.039600000000007,890,14,0.15437838395763742,0.015730337078651686,-11.55790432816949,-14.363506853062445
18.010067172812644,307.1799711628555,4.039600000000007,1007,187,0.15269752780613471,0.18570009930486595,0.3764694430874991,0.37516442172677056
18.010067172812644,312.1799711628555,4.039600000000007,1209,241,0.15103170400885235,0.19933829611248965,1.613758021298051,1.5924953599698826
18.010067172812644,317.1799711628555,4.039600000000007,1710,53,0.14938084926361314,0.030994152046783626,-14.054608076655997,-16.703060815272366
18.010067172812644,322.1799711628555,4.039600000000007,2524,73,0.14774489891944315,0.028922345483359747,-17.18126529827821,-20.513945814259454
18.510067172812644,142.17997116285548,-0.9603999999999928,606,503,0.2747155582960736,0.83003300330033,13.342883784400504,12.697823920055662
18.510067172812644,147.17997116285548,-0.9603999999999928,995,570,0.2721461505848205,0.5728643216080402,8.183843614576958,7.941951552340964
18.510067172812644,152.17997116285548,-0.9603999999999928,1265,276,0.26959184181167767,0.21818181818181817,-8.004847759144726,-8.351638234889316
18.510067172812644,182.17997116285548,-5.960399999999993,481,0,0.20453980222611182,0.0,-11.121214751855641,-14.83707373262395
18.510067172812644,187.17997116285548,-5.960399999999993,499,102,0.20244354365818576,0.20440881763527055,-1.9966542231075335,-2.0402202208056086
18.510067172812644,192.17997116285548,-5.960399999999993,520,363,0.20036335750239276,0.698076923076923,15.64450694551717,14.270319417529722
18.510067172812644,197.17997116285548,-5.960399999999993,546,306,0.19829923159714832,0.5604395604395604,11.775777231165732,10.907008943568608
18.510067172812644,202.17997116285548,-5.960399999999993,577,150,0.19625115130234985,0.25996533795493937,0.6840669699092337,0.6797478641636304
18.510067172812644,207.17997116285548,-5.960399999999993,611,113,0.19421909954161193,0.18494271685761046,-2.5942717261350974,-2.665463247023835
19.010067172812644,12.179971162855493,-45.96039999999999,827,10,0.0424455649551607,0.012091898428053204,-4.3766125062152845,-5.1482317319032935
19.010067172812644,12.179971162855493,29.039600000000007,481,10,0.11433236504737021,0.02079002079002079,-6.543203460305748,-7.905732636284036
19.010067172812644,152.17997116285548,-0.9603999999999928,782,492,0.31045320866464865,0.629156010230179,5.842307231507973,5.73005351522655
19.010067172812644,152.17997116285548,4.039600000000007,820,312,0.2848938338350042,0.3804878048780488,-0.6914039402540104,-0.6937044710997686
19.010067172812644,157.17997116285548,-0.9603999999999928,1269,885,0.3076913497162594,0.6973995271867612,10.374755011452688,10.112017701328822
19.010067172812644,157.17997116285548,4.039600000000007,873,674,0.28226627780771274,0.7720504009163803,13.40614007460752,12.85441175820081
19.010067172812644,172.17997116285548,-0.9603999999999928,450,18,0.29948850052615467,0.04,-12.328509814844558,-14.531496261328462
19.510067172812644,147.17997116285548,4.039600000000007,1049,566,0.32460870714084705,0.5395614871306006,2.21913932665902,2.204637719185179
19.510067172812644,152.17997116285548,4.039600000000007,1024,430,0.3217796837132407,0.419921875,-2.1257958722718593,-2.1417165377373073
20.010067172812644,132.17997116285548,4.039600000000007,639,544,0.368758505253908,0.8513302034428795,6.49368370523166,6.404647795385935
20.010067172812644,137.17997116285548,4.039600000000007,717,396,0.36575307954537273,0.5523012552301255,-0.6897528894492087,-0.6911091123027556
20.510067172812644,17.179971162855495,4.039600000000007,664,174,0.4738206390224666,0.2620481927710843,-15.432244592061188,-16.016873629534242
20.510067172812644,117.1799711628555,-0.9603999999999928,451,409,0.4442776124388659,0.9068736141906873,1.8475231443752356,1.843800733259754
20.510067172812644,122.1799711628555,4.039600000000007,546,476,0.4069921778752896,0.8717948717948718,3.8237827322635494,3.799827063901846
20.510067172812644,127.17997116285548,4.039600000000007,478,278,0.40387451367447186,0.5815899581589958,-2.025689500158494,-2.036500486491928
21.010067172812644,112.1799711628555,4.039600000000007,487,392,0.44061805382222524,0.8049281314168378,0.3190919545735602,0.3189582476632385
21.510067172812644,102.1799711628555,4.039600000000007,451,375,0.4684961706990512,0.8314855875831486,-0.8351839760412026,-0.8357545261079183
22.510067172812644,87.1799711628555,4.039600000000007,710,201,0.5011236021623098,0.2830985915492958,-16.931791969124713,-17.427394900305824
22.510067172812644,97.1799711628555,-0.9603999999999928,492,254,0.5296744906625529,0.516260162601626,-10.353047230723766,-10.401417786431857
23.010067172812644,27.179971162855495,-30.960399999999993,2501,77,0.16484553810720518,0.03078768492602959,-18.470582362563345,-22.0524562097798
23.010067172812644,197.17997116285548,-0.9603999999999928,622,582,0.4650236021586743,0.9356913183279743,1.2776202390784457,1.2766666332010455
23.010067172812644,202.17997116285548,-0.9603999999999928,1200,1001,0.46180758652389187,0.8341666666666666,-0.6600786798511568,-0.6603269652289703
23.010067172812644,207.17997116285548,-0.9603999999999928,1350,1256,0.4585947464155164,0.9303703703703704,2.394248514290611,2.391583937351771
23.010067172812644,212.17997116285548,-0.9603999999999928,1499,1405,0.4553853454245196,0.9372915276851234,3.076395906940382,3.072001297456389
23.010067172812644,217.17997116285548,-0.9603999999999928,459,446,0.45217964600327765,0.971677559912854,2.4563055375909055,2.4512698821087
23.510067172812644,92.1799711628555,4.039600000000007,450,280,0.4926394683050215,0.6222222222222222,-5.894879829740483,-5.925163129174388
23.510067172812644,157.17997116285548,4.039600000000007,463,450,0.4507656115661092,0.9719222462203023,2.5575136675579917,2.551927770444121
23.510067172812644,162.17997116285548,4.039600000000007,596,543,0.4475657072618939,0.9110738255033557,1.9797202053862843,1.9762203141120172
23.510067172812644,167.17997116285548,4.039600000000007,633,442,0.4443701399927264,0.69826224328594,-2.191155603641313,-2.1974842735968023
23.510067172812644,172.17997116285548,4.039600000000007,672,391,0.44117916764955983,0.5818452380952381,-4.816553124207021,-4.854230450094516
23.510067172812644,177.17997116285548,4.039600000000007,724,488,0.43799304661482286,0.6740331491712708,-2.48067837050526,-2.4891686380408737
23.510067172812644,182.17997116285548,4.039600000000007,786,588,0.4348120316818037,0.7480916030534351,-0.5132758530443278,-0.5135960948861897
23.510067172812644,187.17997116285548,4.039600000000007,857,733,0.4316363759751332,0.8553092182030338,2.3644442092622797,2.358719445844082
23.510067172812644,192.17997116285548,-0.9603999999999928,644,542,0.4607128138941059,0.8416149068322981,-0.25663597674166566,-0.2566874359669388
23.510067172812644,217.17997116285548,-0.9603999999999928,1168,1076,0.4446922236277629,0.9212328767123288,3.318197115135903,3.310967130912635
23.510067172812644,222.17997116285548,-0.9603999999999928,1763,1620,0.44150077621462,0.9188882586500283,4.3765200981973615,4.3657146696703775
23.510067172812644,227.17997116285548,-0.9603999999999928,2141,1745,0.43831415432327564,0.8150397010742644,1.348533563521247,1.3473796543600778
23.510067172812644,232.17997116285548,-0.9603999999999928,3648,2783,0.4351326129109181,0.7628837719298246,-0.38578088046202597,-0.3858626079063882
23.510067172812644,237.17997116285548,-5.960399999999993,1192,850,0.3577365817574008,0.7130872483221476,5.5170722578108045,5.45877350678047
23.510067172812644,237.17997116285548,-0.9603999999999928,1628,1314,0.43195640527404094,0.8071253071253072,1.6072865543826809,1.6052297630434285
24.010067172812644,147.17997116285548,4.039600000000007,516,501,0.44413456211565205,0.9709302325581395,3.1122735624795586,3.1034163393557983
24.010067172812644,152.17997116285548,4.039600000000007,538,508,0.44094393894271267,0.9442379182156134,2.912773208169967,2.9043956561656215
24.010067172812644,237.17997116285548,-5.960399999999993,3583,2279,0.3467170089275659,0.6360591682947251,6.76604459316757,6.70749715534937
