lt,r,mlat,n_trials,n_success,p_predicted,p_observed,pearson_resid,deviance_resid
0.0100671728126428,137.17997116285548,4.039600000000007,472,469,0.44999590554467955,0.9936440677966102,2.984991238916588,2.9776543480858138
0.0100671728126428,142.17997116285548,-0.9603999999999928,476,167,0.48350712182077,0.35084033613445376,-11.355515385354263,-11.62412565558199
0.0100671728126428,147.17997116285548,-0.9603999999999928,497,65,0.4800601597048313,0.13078470824949698,-17.291166254740727,-18.518055111659358
0.0100671728126428,237.17997116285548,-5.960399999999993,4347,3626,0.34917691386064287,0.8341384863123994,19.781235030795663,19.415803090389375
0.5100671728126428,157.17997116285548,-0.9603999999999928,545,69,0.4500794879256219,0.12660550458715597,-16.81987571789138,-18.176330840149816
0.5100671728126428,162.17997116285548,-0.9603999999999928,573,322,0.44666474431363007,0.5619546247818499,-5.228623249227759,-5.275827354294483
0.5100671728126428,167.17997116285548,-0.9603999999999928,602,221,0.44325502587420224,0.36710963455149503,-10.0902195956657,-10.34928895803759
0.5100671728126428,172.17997116285548,-0.9603999999999928,638,221,0.43985064574721994,0.3463949843260188,-10.780347103357396,-11.088198647802383
0.5100671728126428,177.17997116285548,-0.9603999999999928,680,379,0.4364519150769941,0.5573529411764706,-5.155313880511286,-5.202158638651858
0.5100671728126428,182.17997116285548,-0.9603999999999928,728,333,0.43305914290108655,0.4574175824175824,-7.836228470336107,-7.964929659607128
0.5100671728126428,187.17997116285548,-0.9603999999999928,788,75,0.429672636040802,0.09517766497461928,-20.34102381428524,-22.404926752857346
0.5100671728126428,192.17997116285548,-0.9603999999999928,866,219,0.42629269899340305,0.2528868360277136,-14.949757410993444,-15.633858776871532
0.5100671728126428,197.17997116285548,-0.9603999999999928,963,322,0.42291963382614683,0.3343717549325026,-12.504906228377694,-12.892881660580993
0.5100671728126428,202.17997116285548,-0.9603999999999928,1092,564,0.41955374007221136,0.5164835164835165,-6.5123788794076045,-6.585108486592547
0.5100671728126428,207.17997116285548,-0.9603999999999928,1265,603,0.41619531462857434,0.4766798418972332,-8.188554535510741,-8.30551783200668
0.5100671728126428,212.17997116285548,-0.9603999999999928,1480,704,0.4128446516559363,0.4756756756756757,-8.590266444570206,-8.712319767938538
0.5100671728126428,217.17997116285548,-5.960399999999993,1261,457,0.34356762124656215,0.36241078509119745,-6.769425799059428,-6.913697804705058
0.5100671728126428,217.17997116285548,-0.9603999999999928,468,150,0.4095020424807306,0.32051282051282054,-8.43160658968485,-8.714114750492218
0.5100671728126428,222.17997116285548,-5.960399999999993,1899,1682,0.3404606769960776,0.8857293312269615,16.321010481912737,15.942960620478729
0.5100671728126428,227.17997116285548,-5.960399999999993,2153,1360,0.3373673893852623,0.6316767301439852,6.238567214333857,6.170838966631026
0.5100671728126428,232.17997116285548,-5.960399999999993,3008,2189,0.3342879614184459,0.7277260638297872,13.282365055404977,13.043697142872027
0.5100671728126428,237.17997116285548,-5.960399999999993,1188,1131,0.33122259165517465,0.952020202020202,16.011411169358514,15.552777308913958
1.0100671728126427,72.1799711628555,4.039600000000007,684,637,0.44539813869021355,0.9312865497076024,2.692028137142779,2.6859880905744573
1.0100671728126427,92.1799711628555,4.039600000000007,459,215,0.43180101126488335,0.4684095860566449,-5.912690658892078,-6.004037855287991
1.5100671728126427,72.1799711628555,4.039600000000007,701,133,0.4113015657184271,0.18972895863052783,-14.779590195621205,-15.724217355467994
1.5100671728126427,97.1799711628555,4.039600000000007,478,295,0.39469515024791557,0.6171548117154811,-0.7431658651192986,-0.7446441100859084
2.0100671728126427,62.179971162855495,-5.960399999999993,705,155,0.3507198931460123,0.2198581560283688,-10.477196742104095,-11.062154580176431
2.0100671728126427,62.179971162855495,4.039600000000007,477,351,0.37892893671307903,0.7358490566037735,2.668239053655318,2.649872966480128
2.0100671728126427,67.1799711628555,9.039600000000007,463,446,0.32309207295763087,0.9632829373650108,10.802307737468269,10.455511213963653
2.0100671728126427,77.1799711628555,-0.9603999999999928,478,183,0.39517746134004705,0.38284518828451886,-6.222490921444146,-6.369863631105027
2.0100671728126427,97.1799711628555,4.039600000000007,520,317,0.35646498404554117,0.6096153846153847,1.3451195508004357,1.339179255126393
2.5100671728126427,67.1799711628555,-0.9603999999999928,1016,156,0.35571782224877013,0.15354330708661418,-15.91921122745023,-17.215205149563275
2.5100671728126427,77.1799711628555,-5.960399999999993,549,45,0.30279118143613276,0.08196721311475409,-12.042878976134629,-13.594821024665219
2.5100671728126427,82.1799711628555,-10.960399999999993,1480,277,0.2572563535664051,0.18716216216216217,-9.550985467115167,-10.060255373625548
2.5100671728126427,102.1799711628555,4.039600000000007,804,188,0.3124491728092775,0.23383084577114427,-8.353767361745135,-8.747640462714738
3.0100671728126427,67.1799711628555,4.039600000000007,500,308,0.2902701813308001,0.616,5.6938696053292555,5.546635437613647
3.0100671728126427,67.1799711628555,9.039600000000007,792,305,0.2522923697751592,0.3851010101010101,1.962775699152558,1.9418009381589698
3.0100671728126427,107.1799711628555,4.039600000000007,605,377,0.2680532631090919,0.6231404958677685,8.19649537508034,7.896388338363892
3.0100671728126427,112.1799711628555,4.039600000000007,825,274,0.2653531606065133,0.3321212121212121,-1.2040169446218763,-1.2120287174334172
3.5100671728126427,52.179971162855495,-15.960399999999993,533,57,0.18072136132954228,0.10694183864915573,-5.309568550911265,-5.725822554451858
3.5100671728126427,62.179971162855495,9.039600000000007,504,199,0.21951284317406647,0.3948412698412698,4.071427204148074,3.947812625455751
3.5100671728126427,62.179971162855495,49.03960000000001,618,132,0.06642661895986256,0.21359223300970873,12.050092765768781,10.145172595687924
3.5100671728126427,77.1799711628555,-0.9603999999999928,661,279,0.2563372509311803,0.42208774583963693,2.8419522332798377,2.796787528430926
3.5100671728126427,82.1799711628555,-5.960399999999993,731,423,0.22257869949129638,0.5786593707250342,11.757424867038308,11.07298862135005
3.5100671728126427,117.1799711628555,4.039600000000007,674,319,0.2229470332498231,0.4732937685459941,7.4423403572467555,7.122322887901495
3.5100671728126427,122.1799711628555,4.039600000000007,766,248,0.22056437096675477,0.3237597911227154,1.844088052587619,1.821322449575327
4.010067172812643,57.179971162855495,4.039600000000007,480,270,0.2124778226693123,0.5625,9.876424435585303,9.251888526374662
4.010067172812643,72.1799711628555,4.039600000000007,964,783,0.20562972398464177,0.8122406639004149,25.08557509540747,22.75246285651658
4.010067172812643,132.17997116285548,-0.9603999999999928,461,12,0.18895035151996703,0.026030368763557483,-9.087913638067691,-11.00944143628935
4.010067172812643,137.17997116285548,-0.9603999999999928,602,138,0.18684365344410864,0.2292358803986711,-0.024926478690590507,-0.024932600929636773
4.010067172812643,142.17997116285548,-0.9603999999999928,657,230,0.1847550933135857,0.350076103500761,5.720624472190209,5.469538607585697
4.510067172812643,62.179971162855495,-5.960399999999993,826,401,0.1623530226664349,0.4854721549636804,15.62150138242677,14.142407004720965
4.510067172812643,67.1799711628555,-5.960399999999993,678,158,0.1604841926754939,0.23303834808259588,2.2458738774239797,2.1960558963922843
4.510067172812643,67.1799711628555,9.039600000000007,570,554,0.1541588071899807,0.9719298245614035,31.44852090679722,26.544363526850706
4.510067172812643,77.1799711628555,-0.9603999999999928,763,147,0.17486357768461308,0.1926605504587156,-1.0582277371140845,-1.0692094264606644
4.510067172812643,82.1799711628555,-5.960399999999993,1121,222,0.15498205298487036,0.19803746654772525,1.0450172032398424,1.0358224344462423
4.510067172812643,87.1799711628555,-5.960399999999993,759,91,0.1531825534242003,0.11989459815546773,-3.733656262142339,-3.9123056590122047
4.510067172812643,147.17997116285548,-0.9603999999999928,473,21,0.148700495429794,0.04439746300211417,-6.633629727955491,-7.655802664673288
4.510067172812643,152.17997116285548,-0.9603999999999928,844,150,0.14696124661755203,0.17772511848341233,0.3512083094552695,0.34992342540677424
4.510067172812643,157.17997116285548,-0.9603999999999928,1033,0,0.14523886996330046,0.0,-13.248576234572045,-18.00622257528516
4.510067172812643,162.17997116285548,-0.9603999999999928,757,0,0.14353328291177564,0.0,-11.26338692718418,-15.31596844043021
5.010067172812643,47.179971162855495,-5.960399999999993,824,22,0.13840677315390182,0.02669902912621359,-9.467375102033674,-11.336603965644755
5.010067172812643,57.179971162855495,-5.960399999999993,890,353,0.13514673509676292,0.39662921348314606,15.349412859728588,13.71419039228945
5.010067172812643,62.179971162855495,-5.960399999999993,1269,547,0.13354114736856215,0.4310480693459417,21.005477415709738,18.547887570150657
5.010067172812643,67.1799711628555,-0.9603999999999928,581,176,0.14517450171248367,0.3029259896729776,6.820067633096249,6.368666120926557
5.010067172812643,82.1799711628555,-10.960399999999993,589,78,0.11546647237982842,0.13242784380305603,0.11920283347620132,0.11898339034341268
5.010067172812643,102.1799711628555,-5.960399999999993,1361,28,0.1212703639670712,0.020573108008817047,-11.543798728499725,-13.99916055100437
5.010067172812643,162.17997116285548,-0.9603999999999928,752,0,0.115548305655282,0.0,-9.911825599961263,-13.589415738239412
5.010067172812643,167.17997116285548,-0.9603999999999928,3404,0,0.11414482365468298,0.0,-20.943126831844697,-28.725282445785854
5.510067172812643,52.179971162855495,-5.960399999999993,824,54,0.11197727586264737,0.06553398058252427,-4.742821495667329,-5.137177614085074
5.510067172812643,62.179971162855495,-5.960399999999993,2096,472,0.10926081562212514,0.22519083969465647,12.108163541157074,11.164046467735114
5.510067172812643,67.1799711628555,4.039600000000007,550,196,0.11465654348721381,0.3563636363636364,12.694183164184684,11.12282372213931
5.510067172812643,67.1799711628555,9.039600000000007,907,111,0.10565056422261875,0.12238147739801543,0.3515355722203398,0.3499019516254157
5.510067172812643,127.17997116285548,-5.960399999999993,457,56,0.09297875796864573,0.12253829321663019,1.2621706221626996,1.2315616482770722
5.510067172812643,147.17997116285548,-5.960399999999993,463,0,0.08842495241311034,0.0,-6.701649318636973,-9.259067657695386
5.510067172812643,152.17997116285548,-5.960399999999993,734,0,0.08731839316658954,0.0,-8.379946546797918,-11.581386189136941
5.510067172812643,157.17997116285548,-5.960399999999993,918,0,0.08622437169850286,0.0,-9.307147024692366,-12.866721634280385
5.510067172812643,162.17997116285548,-5.960399999999993,1368,0,0.08514277862505887,0.0,-11.283408151877373,-15.603498502249161
5.510067172812643,182.17997116285548,4.039600000000007,458,51,0.08614989281150781,0.11135371179039301,1.1294430848852695,1.1034313297616194
5.510067172812643,187.17997116285548,4.039600000000007,474,57,0.08506914702049584,0.12025316455696203,1.8399002065490546,1.7742353275031548
5.510067172812643,192.17997116285548,4.039600000000007,492,92,0.0840007128913269,0.18699186991869918,6.406234124297423,5.775706323519618
5.510067172812643,197.17997116285548,4.039600000000007,511,80,0.08294448133379229,0.15655577299412915,4.620547813406742,4.267674059474678
5.510067172812643,202.17997116285548,4.039600000000007,535,114,0.08190034343589357,0.2130841121495327,8.710172252228483,7.662327724516385
5.510067172812643,207.17997116285548,4.039600000000007,560,50,0.0808681904865902,0.08928571428571429,0.09956204098347185,0.09935755747288134
6.010067172812643,47.179971162855495,4.039600000000007,618,17,0.12352696388513225,0.02750809061488673,-7.4098857073551025,-8.799720353664325
6.010067172812643,52.179971162855495,-5.960399999999993,568,63,0.11562314265873033,0.11091549295774648,-1.2397246227286594,-1.2658241831475265
6.010067172812643,67.1799711628555,-5.960399999999993,816,185,0.11145485497439622,0.2267156862745098,7.375459276389902,6.818515814171631
6.010067172812643,67.1799711628555,-0.9603999999999928,546,24,0.11902260028143179,0.04395604395604396,-5.671064251146527,-6.444231147323197
6.010067172812643,77.1799711628555,-10.960399999999993,1703,27,0.10175951033797824,0.015854374633000587,-11.85243249679126,-14.515590613081544
6.010067172812643,77.1799711628555,-0.9603999999999928,599,42,0.11615758349291426,0.07011686143572621,-4.000997720540033,-4.3179336817274505
6.010067172812643,132.17997116285548,-5.960399999999993,646,5,0.09488066838761486,0.007739938080495356,-7.5921725847080985,-9.679703536397069
6.010067172812643,137.17997116285548,-5.960399999999993,882,5,0.09370162584767133,0.005668934240362812,-9.000243225730895,-11.639359784273912
6.010067172812643,142.17997116285548,-5.960399999999993,799,5,0.0925357368711602,0.006257822277847309,-8.446056930975926,-10.871922370193536
6.010067172812643,147.17997116285548,-5.960399999999993,514,32,0.09138289182987759,0.0622568093385214,-2.6577486622862994,-2.828441188581894
6.010067172812643,217.17997116285548,-0.9603999999999928,984,34,0.08196783978906734,0.034552845528455285,-5.649142424957515,-6.356615870453647
6.010067172812643,222.17997116285548,-0.9603999999999928,1089,47,0.0809349112005642,0.04315886134067952,-4.889030189577047,-5.358774692700241
6.010067172812643,227.17997116285548,-0.9603999999999928,1189,36,0.07991386611643567,0.030277544154751892,-6.521666742766099,-7.422976785841319
6.010067172812643,232.17997116285548,-0.9603999999999928,2009,204,0.07890459627668228,0.101543056246889,2.3169605969385723,2.2614618788760006
6.010067172812643,237.17997116285548,-0.9603999999999928,2160,201,0.07790699368530778,0.09305555555555556,1.3100741206803088,1.2922319350381768
6.010067172812643,242.17997116285548,-0.9603999999999928,2344,212,0.07692095063055136,0.09044368600682594,1.1423990752411723,1.1291752788023295
6.010067172812643,247.17997116285548,-0.9603999999999928,2581,172,0.07594635970450975,0.06664083688492832,-2.667708622188226,-2.7461723157246465
6.010067172812643,252.17997116285548,-0.9603999999999928,2939,363,0.07498311382214012,0.12351139843484178,7.625746741842548,7.168044814554664
6.010067172812643,257.1799711628555,-0.9603999999999928,3362,460,0.07403110623966816,0.13682331945270673,10.938377433086433,10.099152454058679
6.010067172812643,262.1799711628555,-0.9603999999999928,6401,1761,0.07309023057240145,0.27511326355256993,49.51873097581908,40.89896738972171
6.010067172812643,262.1799711628555,4.039600000000007,553,0,0.07221754057126789,0.0,-6.56086095683478,-9.105138087324303
6.010067172812643,267.1799711628555,4.039600000000007,576,0,0.07129793913307354,0.0,-6.649845044606029,-9.230944203286269
6.010067172812643,272.1799711628555,4.039600000000007,599,40,0.0703891592709709,0.0667779632721202,-0.7699449504469812,-0.7837336443790881
6.010067172812643,277.1799711628555,4.039600000000007,624,0,0.06949109617650108,0.0,-6.82647665676736,-9.480796134282462
6.010067172812643,282.1799711628555,4.039600000000007,654,0,0.06860364547986599,0.0,-6.94057104767736,-9.641578400126953
6.010067172812643,287.1799711628555,4.039600000000007,688,0,0.06772670326440684,0.0,-7.06972571387072,-9.823333249321687
6.010067172812643,292.1799711628555,4.039600000000007,731,0,0.0668601660805548,0.0,-7.237174586678633,-10.05836530200185
6.010067172812643,297.1799711628555,4.039600000000007,786,0,0.06600393095925626,0.0,-7.452871777408358,-10.360547949351483
6.010067172812643,302.1799711628555,4.039600000000007,859,0,0.06515789542489124,0.0,-7.73768372016107,-10.758939481269422
6.010067172812643,307.1799711628555,4.039600000000007,965,0,0.06432195750768728,0.0,-8.144793241462256,-11.327568071266093
6.010067172812643,312.1799711628555,4.039600000000007,1142,16,0.06349601575563979,0.014010507880910683,-6.932659332323114,-8.321855449644733
6.010067172812643,317.1799711628555,4.039600000000007,1526,6,0.06267996924595103,0.003931847968545216,-9.489183609731882,-12.341262403834094
6.010067172812643,322.1799711628555,4.039600000000007,4774,0,0.06187371759598998,0.0,-17.744495696763554,-24.694888850676985
6.510067172812643,22.179971162855495,4.039600000000007,795,59,0.10798051073845807,0.07421383647798742,-3.662267965960286,-3.8936921919497873
6.510067172812643,32.179971162855495,-5.960399999999993,559,142,0.10026815514649476,0.25402504472271914,9.017681837529523,8.048215777445083
6.510067172812643,57.179971162855495,-5.960399999999993,583,58,0.09421011883694767,0.09948542024013722,-0.3229740079771546,-0.32491505071412347
6.510067172812643,62.179971162855495,-5.960399999999993,1150,349,0.09303855241256748,0.3034782608695652,18.63074876417934,15.977206969225218
6.510067172812643,67.1799711628555,-5.960399999999993,2200,62,0.09188007735817598,0.028181818181818183,-10.615157507844609,-12.320377369365735
6.510067172812643,67.1799711628555,4.039600000000007,1032,105,0.09658197132872863,0.10174418604651163,-0.4832885492477879,-0.4865031174127583
6.510067172812643,72.1799711628555,-5.960399999999993,456,22,0.09073458403119915,0.04824561403508772,-3.4031555396022464,-3.7297747848864966
6.510067172812643,77.1799711628555,4.039600000000007,534,97,0.09419936889180229,0.18164794007490637,5.1188557350557495,4.734416388711258
6.510067172812643,82.1799711628555,4.039600000000007,1062,249,0.09302792242053336,0.2344632768361582,12.07916366402364,10.745117506138849
6.510067172812643,172.17997116285548,-0.9603999999999928,548,45,0.07428184889579081,0.08211678832116788,0.14890529314076234,0.14841704511765433
6.510067172812643,177.17997116285548,-0.9603999999999928,972,7,0.07333803888559616,0.00720164609053498,-7.944097025508668,-10.076035387165833
6.510067172812643,182.17997116285548,-0.9603999999999928,581,6,0.07240528278654694,0.010327022375215147,-5.813426311007355,-7.204471893582094
6.510067172812643,187.17997116285548,-0.9603999999999928,2168,58,0.07148347487769074,0.026752767527675275,-8.31929161114604,-9.489070104041037
6.510067172812643,192.17997116285548,-0.9603999999999928,508,197,0.07057250984292804,0.38779527559055116,21.653321862418828,16.84010493467827
6.510067172812643,197.17997116285548,-0.9603999999999928,526,68,0.06967228278669124,0.12927756653992395,4.289234252648273,3.950770334922405
6.510067172812643,202.17997116285548,-0.9603999999999928,550,304,0.06878268924907383,0.5527272727272727,33.16133108380424,24.36935932453567
6.510067172812643,207.17997116285548,-0.9603999999999928,1037,282,0.06790362522041621,0.2719382835101254,21.061293660347534,17.141587805948504
6.510067172812643,212.17997116285548,-0.9603999999999928,2572,396,0.0670349871553631,0.15396578538102643,14.462366231805278,12.86188686860522
6.510067172812643,217.17997116285548,-0.9603999999999928,1456,352,0.06617667198639472,0.24175824175824176,21.981810506822697,18.12517784200496
6.510067172812643,222.17997116285548,-0.9603999999999928,1964,349,0.06532857713684706,0.17769857433808553,16.651981723604063,14.394375812779797
6.510067172812643,227.17997116285548,-0.9603999999999928,1920,341,0.0644906005334279,0.17760416666666667,16.711974652903326,14.408894352166431
6.510067172812643,232.17997116285548,-0.9603999999999928,2137,107,0.06366264061823532,0.0500701918577445,-3.1004721204658443,-3.236393946785994
6.510067172812643,237.17997116285548,-0.9603999999999928,1628,261,0.06284459636029432,0.16031941031941033,13.489880908868413,11.765126056053798
6.510067172812643,242.17997116285548,-0.9603999999999928,1979,350,0.0620363672666119,0.17685699848408287,17.654176475656136,15.108878601626078
6.510067172812643,247.17997116285548,-0.9603999999999928,1842,308,0.06123785339277132,0.16720955483170466,15.861360353079077,13.664415146975596
6.510067172812643,252.17997116285548,-0.9603999999999928,6519,466,0.06044895535306069,0.07148335634299739,2.1972510427922125,2.1632137186877003
6.510067172812643,252.17997116285548,4.039600000000007,459,0,0.060277610848767205,0.0,-5.426059738899313,-7.554652488946859
6.510067172812643,257.1799711628555,-0.9603999999999928,1864,230,0.05966957433015787,0.12339055793991416,9.691676420162123,8.73421505394374
6.510067172812643,257.1799711628555,4.039600000000007,475,0,0.05950029910244175,0.0,-5.481848745560663,-7.633921066707849
6.510067172812643,262.1799711628555,4.039600000000007,494,0,0.05873238471553633,0.0,-5.551952393186532,-7.733139843706197
6.510067172812643,267.1799711628555,4.039600000000007,517,0,0.05797377016425935,0.0,-5.6406551076087865,-7.858289470090552
6.510067172812643,272.1799711628555,4.039600000000007,544,0,0.05722435852143212,0.0,-5.746266182115911,-8.007029145779574
6.510067172812643,277.1799711628555,4.039600000000007,576,0,0.05648405346437941,0.0,-5.872182535965,-8.184106475396336
6.510067172812643,282.1799711628555,4.039600000000007,616,0,0.055752759282414154,0.0,-6.030879858166468,-8.406928046151663
6.510067172812643,287.1799711628555,4.039600000000007,665,0,0.05503038088392904,0.0,-6.223048116493659,-8.676481225011912
6.510067172812643,292.1799711628555,4.039600000000007,730,0,0.0543168238031053,0.0,-6.475238687393595,-9.029817570970419
6.510067172812643,297.1799711628555,4.039600000000007,812,0,0.05361199420624162,0.0,-6.782259176454178,-9.459740334957075
6.510067172812643,302.1799711628555,4.039600000000007,925,60,0.05291579889771924,0.06486486486486487,1.1212629537863341,1.096170258799411
6.510067172812643,307.1799711628555,4.039600000000007,1084,5,0.0522281453256061,0.004612546125461255,-7.065649751899704,-9.055564820966119
6.510067172812643,312.1799711628555,4.039600000000007,1335,0,0.051548941586910736,0.0,-8.51810612299838,-11.887387852406748
6.510067172812643,317.1799711628555,4.039600000000007,1829,0,0.05087809643249533,0.0,-9.901734604411693,-13.820765820514465
6.510067172812643,322.1799711628555,4.039600000000007,1875,0,0.05021551927165128,0.0,-9.956508768015466,-13.899664903684801
7.010067172812643,37.179971162855495,-5.960399999999993,590,89,0.0823603820856597,0.15084745762711865,4.617425726971412,4.282971682754669
7.010067172812643,42.179971162855495,-5.960399999999993,825,148,0.08132294501948067,0.17939393939393938,8.07798746388656,7.283189301892648
7.010067172812643,42.179971162855495,-0.9603999999999928,861,8,0.0846572500318096,0.009291521486643438,-7.99010467345367,-10.044709482837
7.010067172812643,52.179971162855495,-5.960399999999993,998,159,0.07928373568758501,0.1593186372745491,7.319670144175079,6.6869797994857905
7.010067172812643,57.179971162855495,-5.960399999999993,525,73,0.07828174696977545,0.13904761904761906,3.986707321729707,3.709250711137129
7.010067172812643,57.179971162855495,4.039600000000007,524,5,0.08193663866220507,0.009541984732824428,-6.0785450239851055,-7.618551640966962
7.010067172812643,62.179971162855495,39.03960000000001,1332,70,0.06083324073777052,0.052552552552552555,-1.7082074657046382,-1.7599734318294387
7.010067172812643,67.1799711628555,-5.960399999999993,510,29,0.0763124623439833,0.056862745098039215,-1.9683062795113495,-2.0705245493398645
7.010067172812643,67.1799711628555,-0.9603999999999928,981,17,0.0794591021810639,0.017329255861365953,-7.291731822468713,-8.739098826446783
7.010067172812643,67.1799711628555,9.039600000000007,896,151,0.07672133760927008,0.16852678571428573,8.206429181887895,7.386859942069537
7.010067172812643,72.1799711628555,-5.960399999999993,1274,12,0.07534495170231008,0.009419152276295133,-8.968866398995212,-11.206236941894593
7.010067172812643,72.1799711628555,4.039600000000007,519,11,0.07887446099469217,0.02119460500963391,-4.964025611657388,-5.842861956602843
7.010067172812643,77.1799711628555,-5.960399999999993,741,31,0.07438871956390167,0.04183535762483131,-3.6248437474357194,-3.949165183102678
7.010067172812643,77.1799711628555,4.039600000000007,628,63,0.07787720719480794,0.10031847133757962,1.3041514567887822,1.2724466899357958
7.010067172812643,82.1799711628555,4.039600000000007,1182,79,0.07689150970071498,0.06683587140439932,-1.8984007946581245,-1.9568758022660617
7.010067172812643,87.1799711628555,4.039600000000007,674,0,0.07591726111393302,0.0,-7.441230971859686,-10.316469514868801
7.010067172812643,172.17997116285548,-0.9603999999999928,454,0,0.06067385971049172,0.0,-5.415275221705099,-7.5388341145128495
7.010067172812643,172.17997116285548,4.039600000000007,940,11,0.061004478641242976,0.011702127659574468,-6.369949008326326,-7.738325457874982
7.010067172812643,177.17997116285548,-0.9603999999999928,464,37,0.05989176379278662,0.07974137931034483,1.3168864805922036,1.2731881088102315
7.010067172812643,177.17997116285548,4.039600000000007,473,68,0.060218394203195934,0.14376321353065538,6.401688474073938,5.635716523311891
7.010067172812643,182.17997116285548,-0.9603999999999928,478,41,0.05911911472111578,0.08577405857740586,1.920198040050496,1.8315145339091246
7.010067172812643,192.17997116285548,-0.9603999999999928,972,70,0.057601766420216846,0.0720164609053498,1.3268329962226364,1.2945433928491812
7.010067172812643,197.17997116285548,-0.9603999999999928,493,79,0.05685687333243955,0.16024340770791076,8.392046842440076,7.169238353434027
7.010067172812643,202.17997116285548,-0.9603999999999928,682,112,0.05612103938938103,0.16422287390029325,10.398857496064382,8.822213184968964
7.510067172812643,27.179971162855495,-0.9603999999999928,1253,17,0.07320989487060042,0.013567438148443736,-8.1846896598979,-9.949100285781174
7.510067172812643,42.179971162855495,-5.960399999999993,640,5,0.0684081078318674,0.0078125,-6.102224783793358,-7.678850431036113
7.510067172812643,57.179971162855495,-5.960399999999993,1205,27,0.06581527954994082,0.022406639004149378,-6.214226994157574,-7.161717210518541
7.510067172812643,62.179971162855495,59.03960000000001,533,24,0.04883720733327774,0.0450281425891182,-0.6295567733976282,-0.6418984286137527
7.510067172812643,72.1799711628555,-5.960399999999993,451,21,0.06331404651801112,0.04656319290465632,-1.6791973977501622,-1.7685719606962798
7.510067172812643,72.1799711628555,4.039600000000007,667,44,0.06603005193635317,0.06596701649175413,-0.44510465360541535,-0.44955242118009076
7.510067172812643,77.1799711628555,-10.960399999999993,1922,41,0.060674682520366785,0.02133194588969823,-7.384202369773886,-8.486713413808957
7.510067172812643,92.1799711628555,4.039600000000007,1598,30,0.06270486308361477,0.01877346683354193,-7.36919373992666,-8.60489402644201
7.510067172812643,162.17997116285548,4.039600000000007,1728,19,0.052260125252535365,0.01099537037037037,-7.772355688682968,-9.384056343594917
8.010067172812644,52.179971162855495,-5.960399999999993,537,120,0.05694886339504045,0.22346368715083798,13.902926153221822,11.227701726415898
8.010067172812644,52.179971162855495,4.039600000000007,487,8,0.05919589831348072,0.01642710472279261,-4.057156436369168,-4.774138369377322
8.010067172812644,57.179971162855495,-5.960399999999993,602,26,0.05621190988496561,0.04318936877076412,-1.611395376963251,-1.6866762076774189
8.010067172812644,57.179971162855495,4.039600000000007,508,20,0.05843166846296529,0.03937007874015748,-2.013444184857659,-2.1448418853482396
8.010067172812644,62.179971162855495,4.039600000000007,728,18,0.057676700095509494,0.024725274725274724,-3.930393737294504,-4.4228916251712205
8.010067172812644,62.179971162855495,14.039600000000007,506,12,0.055369169390745536,0.023715415019762844,-3.204779262221812,-3.607313483746794
8.010067172812644,67.1799711628555,4.039600000000007,503,24,0.05693089652176054,0.04771371769383698,-1.1284623083945522,-1.1671974706859491
8.010067172812644,67.1799711628555,9.039600000000007,710,245,0.05578023043576859,0.34507042253521125,27.034068996712914,20.204738023326392
8.010067172812644,72.1799711628555,-5.960399999999993,576,0,0.054054523848344714,0.0,-5.737123680506732,-8.001064970327018
8.010067172812644,72.1799711628555,-0.9603999999999928,758,111,0.055171671159649625,0.14643799472295516,9.368730613094904,8.076342040188095
8.010067172812644,72.1799711628555,4.039600000000007,1057,60,0.05619416165987189,0.05676442762535478,-0.3597413798199505,-0.3622763801628097
8.010067172812644,77.1799711628555,-5.960399999999993,641,5,0.053352905899512984,0.0078003120124804995,-5.1585957657451464,-6.405007219095924
8.010067172812644,82.1799711628555,-5.960399999999993,2400,42,0.05265988785378457,0.0175,-7.845656611669083,-9.07725081464169
8.010067172812644,87.1799711628555,4.039600000000007,675,67,0.05403741779069212,0.09925925925925926,4.368521105711292,4.004341331999544
8.010067172812644,92.1799711628555,4.039600000000007,608,15,0.05333600935630023,0.024671052631578948,-3.2500853212204257,-3.626811326111845
8.010067172812644,142.17997116285548,4.039600000000007,1812,54,0.04677978419872584,0.029801324503311258,-3.6496086773529757,-3.915719511446859
8.510067172812644,37.179971162855495,-5.960399999999993,903,75,0.051579236678121185,0.08305647840531562,3.5501073672625,3.322204896508358
8.510067172812644,37.179971162855495,44.03960000000001,3271,11,0.04803574253118034,0.003362885967594008,-11.970988036427155,-15.540593309847845
8.510067172812644,42.179971162855495,-5.960399999999993,704,118,0.050908018432375704,0.16761363636363635,12.083905818157795,10.001854295046098
8.510067172812644,47.179971162855495,-0.9603999999999928,605,25,0.050924063136179434,0.04132231404958678,-1.2834632579384782,-1.332914984368091
8.510067172812644,62.179971162855495,-5.960399999999993,1209,44,0.04830496964754513,0.036393713813068655,-2.177462789184771,-2.284362203395345
8.510067172812644,62.179971162855495,14.039600000000007,467,223,0.048763356305049944,0.47751605995717344,33.47011586157133,22.92585448101437
8.510067172812644,67.1799711628555,-5.960399999999993,574,16,0.04767421872606126,0.027874564459930314,-2.3432631625514206,-2.542060320708226
8.510067172812644,67.1799711628555,-0.9603999999999928,541,59,0.048320235715724094,0.10905730129390019,5.712805517650275,5.042830021239373
8.510067172812644,67.1799711628555,4.039600000000007,823,85,0.049438967052592646,0.10328068043742406,6.1401465597613,5.496052718696923
8.510067172812644,72.1799711628555,-5.960399999999993,1817,80,0.047051296758761026,0.04402861860209136,-1.003653175248697,-1.020910180770968
8.510067172812644,72.1799711628555,4.039600000000007,569,54,0.04879416793998169,0.09490333919156414,4.389039258356565,3.9755600700118516
8.510067172812644,77.1799711628555,-5.960399999999993,1154,124,0.046436117153425126,0.10745233968804159,8.594714215933681,7.545616986914768
8.510067172812644,77.1799711628555,-0.9603999999999928,2058,63,0.04706618621659274,0.030612244897959183,-3.7758490771671176,-4.040169236975465
8.510067172812644,77.1799711628555,4.039600000000007,795,16,0.0481573524559635,0.02012578616352201,-3.7813977586723717,-4.2704026950737575
8.510067172812644,82.1799711628555,-0.9603999999999928,570,160,0.046450821425966765,0.2807017543859649,22.17451186885907,16.39069526432035
8.510067172812644,82.1799711628555,4.039600000000007,881,56,0.04752843280994171,0.06356413166855845,1.7604918690599556,1.695561329998206
8.510067172812644,87.1799711628555,4.039600000000007,457,11,0.046907321888447845,0.024070021881838075,-2.394459365329392,-2.6401146252483234
8.510067172812644,122.1799711628555,4.039600000000007,954,8,0.042771015506472415,0.008385744234800839,-5.281498731499592,-6.423984993320159
8.510067172812644,127.17997116285548,-5.960399999999993,473,0,0.04069159052152908,0.0,-4.4792342712578295,-6.268919942135091
9.010067172812644,47.179971162855495,-5.960399999999993,617,205,0.04474057109671044,0.33225283630470015,28.381718191312178,20.172329359797814
9.010067172812644,52.179971162855495,-5.960399999999993,470,65,0.04415420358953861,0.13829787234042554,8.707779485308775,7.229906413680559
9.010067172812644,52.179971162855495,19.039600000000007,623,153,0.04452118343410507,0.24558587479935795,20.616552709213867,15.44241669889067
9.010067172812644,57.179971162855495,-5.960399999999993,813,22,0.04357517042833964,0.02706027060270603,-2.4385391381525623,-2.6250267542497134
9.010067172812644,57.179971162855495,14.039600000000007,1078,42,0.044326376671867423,0.03896103896103896,-1.1099753742539826,-1.139075153791789
9.010067172812644,62.179971162855495,19.039600000000007,1562,23,0.04336123796930351,0.0147247119078105,-5.639473915431416,-6.5166197089198
9.010067172812644,67.1799711628555,-5.960399999999993,1213,8,0.042438777448667364,0.006595218466611707,-6.220531685342092,-7.7048599201930905
9.010067172812644,67.1799711628555,4.039600000000007,585,0,0.0439391991725959,0.0,-5.185149057833068,-7.2506902740803305
9.010067172812644,67.1799711628555,9.039600000000007,766,45,0.043553622888056934,0.0587467362924282,1.6650729496681844,1.5997959269566329
9.010067172812644,77.1799711628555,-20.960399999999993,1139,4,0.04024890741193731,0.003511852502194908,-6.321444960481008,-8.127587107947097
9.010067172812644,77.1799711628555,-5.960399999999993,3696,22,0.041330739680957344,0.005952380952380952,-10.84809635815012,-13.513527454674623
9.010067172812644,82.1799711628555,-5.960399999999993,983,97,0.04078715313035756,0.09867751780264497,8.145802352550634,7.070659844102299
9.010067172812644,82.1799711628555,4.039600000000007,485,0,0.04223175706393051,0.0,-4.624451491330935,-6.469541285507652
9.010067172812644,87.1799711628555,4.039600000000007,765,18,0.04167683540589015,0.023529411764705882,-2.616664286457987,-2.8515267929885635
9.010067172812644,92.1799711628555,-0.9603999999999928,604,56,0.04007351236536491,0.09271523178807947,5.864886381072462,5.129752517994602
9.010067172812644,92.1799711628555,4.039600000000007,1930,236,0.0411288922507624,0.12227979274611399,15.895813426048408,13.291256231658345
9.010067172812644,97.1799711628555,-0.9603999999999928,686,28,0.0395457789218384,0.04081632653061224,-0.04525812470451232,-0.0453187077797083
9.010067172812644,97.1799711628555,4.039600000000007,2099,38,0.04058784802559746,0.01810385898046689,-5.342555726403092,-5.9916763420548556
9.010067172812644,102.1799711628555,-0.9603999999999928,636,0,0.03902471273475375,0.0,-5.082089458895229,-7.115755573091015
9.010067172812644,107.1799711628555,-0.9603999999999928,640,0,0.03851023697407909,0.0,-5.062974618397515,-7.089946539840051
9.510067172812644,37.179971162855495,-0.9603999999999928,797,77,0.04221138737895329,0.09661229611041405,6.747105376715494,5.920326368501617
9.510067172812644,42.179971162855495,-5.960399999999993,549,49,0.04137979279635474,0.08925318761384335,4.980020869449289,4.41407925157349
9.510067172812644,42.179971162855495,-0.9603999999999928,1096,55,0.04165672173552246,0.05018248175182482,1.0404952508002,1.0174935897723745
9.510067172812644,52.179971162855495,-5.960399999999993,9907,44,0.04029824055947678,0.0044413041283940646,-18.198397364708086,-23.08109030442733
9.510067172812644,57.179971162855495,-5.960399999999993,590,132,0.03976767024495862,0.22372881355932203,19.671023100145675,14.572765050456669
9.510067172812644,57.179971162855495,4.039600000000007,723,0,0.04114347910229293,0.0,-5.569841568815246,-7.794356680626909
9.510067172812644,62.179971162855495,-0.9603999999999928,817,73,0.039507023023570544,0.08935128518971848,6.5111473322229,5.71645333222259
9.510067172812644,62.179971162855495,4.039600000000007,506,6,0.040602251114607704,0.011857707509881422,-3.3113905998428796,-3.8866333570403024
9.510067172812644,62.179971162855495,14.039600000000007,534,23,0.04006354641135268,0.04307116104868914,0.14791639341517518,0.1472008533990432
9.510067172812644,67.1799711628555,4.039600000000007,546,7,0.04006784528043473,0.01282051282051282,-3.2866032156975478,-3.8225704024365705
9.510067172812644,72.1799711628555,-0.9603999999999928,1036,44,0.03847245528233073,0.04247104247104247,0.3875732275777525,0.3840050015136893
9.510067172812644,72.1799711628555,4.039600000000007,713,9,0.03954018339341007,0.012622720897615708,-3.7331467963804057,-4.343205799221139
9.510067172812644,77.1799711628555,-5.960399999999993,494,16,0.03771162009366254,0.032388663967611336,-0.7514853064155674,-0.7732935263391617
9.510067172812644,77.1799711628555,4.039600000000007,863,0,0.039019187939298844,0.0,-5.919529007968772,-8.288319757466542
9.510067172812644,82.1799711628555,-5.960399999999993,567,11,0.037213784903445256,0.019400352733686066,-2.3094261472152873,-2.542266473869749
9.510067172812644,82.1799711628555,4.039600000000007,784,0,0.03850478209544567,0.0,-5.60327325263917,-7.846566004871177
9.510067172812644,87.1799711628555,-5.960399999999993,628,17,0.036722270893797454,0.027070063694267517,-1.399707221553093,-1.4720070923108035
9.510067172812644,87.1799711628555,4.039600000000007,862,11,0.037996889730041554,0.012761020881670533,-3.924835646124118,-4.543064782957313
9.510067172812644,97.1799711628555,-0.9603999999999928,770,19,0.0359986304918581,0.024675324675324677,-1.7969765078099946,-1.908820177175982
9.510067172812644,97.1799711628555,4.039600000000007,456,0,0.03700034435593628,0.0,-4.185739904217677,-5.863823751690894
9.510067172812644,102.1799711628555,-5.960399999999993,463,69,0.035284922613721535,0.1490280777537797,11.803195304670957,9.179914289219733
9.510067172812644,102.1799711628555,4.039600000000007,542,0,0.036511542528791394,0.0,-4.532016431655213,-6.349734778229506
9.510067172812644,107.1799711628555,-5.960399999999993,1984,7,0.034817963411643504,0.003528225806451613,-7.619095071345703,-9.723414384143453
9.510067172812644,112.1799711628555,-5.960399999999993,530,0,0.03435696384632728,0.0,-4.342471904840587,-6.087585999741669
9.510067172812644,112.1799711628555,-0.9603999999999928,726,0,0.03458858922101705,0.0,-5.100097994473559,-7.1492488551804305
9.510067172812644,112.1799711628555,4.039600000000007,4402,51,0.03555251369659474,0.011585642889595639,-8.684824033391816,-10.087039401416462
9.510067172812644,117.1799711628555,-0.9603999999999928,917,0,0.034130519241233066,0.0,-5.692419448226163,-7.980508996884049
9.510067172812644,122.1799711628555,-0.9603999999999928,1006,0,0.0336783040324393,0.0,-5.921247736747168,-8.302292755341048
9.510067172812644,127.17997116285548,-0.9603999999999928,756,0,0.03323187433716872,0.0,-5.097733816502925,-7.1484584769633255
9.510067172812644,132.17997116285548,-5.960399999999993,452,0,0.032571166726561046,0.0,-3.901003695604051,-5.471245412874942
9.510067172812644,132.17997116285548,4.039600000000007,625,0,0.03370674373318661,0.0,-4.669215665662732,-6.5467466084417625
10.010067172812644,27.179971162855495,-0.9603999999999928,8056,23,0.04065025299545362,0.0028550148957298908,-17.206366371823325,-22.369684739248004
10.010067172812644,47.179971162855495,-5.960399999999993,704,35,0.03827697479824287,0.04971590909090909,1.2871259213259805,1.2425636678560887
10.010067172812644,47.179971162855495,-0.9603999999999928,777,39,0.038550403890336274,0.05019305019305019,1.3715569368860332,1.3236389050213773
10.010067172812644,47.179971162855495,9.039600000000007,1255,9,0.039329181577249614,0.007171314741035857,-5.891217531903078,-7.2119151464418465
10.010067172812644,62.179971162855495,-5.960399999999993,2156,23,0.03678109733028427,0.010667903525046383,-6.504028964170324,-7.642620455104734
10.010067172812644,67.1799711628555,-0.9603999999999928,717,30,0.036554892452080975,0.04184100418410042,0.5251334516091094,0.5171547148967636
10.010067172812644,67.1799711628555,4.039600000000007,738,0,0.03756160930589981,0.0,-5.366780181462537,-7.517246265565619
10.010067172812644,72.1799711628555,-0.9603999999999928,678,38,0.036071754943847824,0.05604719764011799,2.439617207113052,2.2843382747616445
10.010067172812644,72.1799711628555,4.039600000000007,719,0,0.03706567814632093,0.0,-5.26080358011646,-7.3697599868790595
10.010067172812644,77.1799711628555,-10.960399999999993,903,36,0.03509003103506833,0.03986710963455149,0.5410001527882979,0.5332540128041654
10.010067172812644,77.1799711628555,-5.960399999999993,1315,107,0.03534153099872845,0.08136882129277566,8.149731539030235,7.114260942742027
10.010067172812644,77.1799711628555,-0.9603999999999928,1111,20,0.03559476703685272,0.018001800180018002,-3.2511393161876194,-3.5925682075597356
10.010067172812644,77.1799711628555,4.039600000000007,680,5,0.03657604599364481,0.007352941176470588,-4.081891315213813,-4.959469145398731
10.010067172812644,82.1799711628555,-0.9603999999999928,1104,51,0.035123856658548815,0.04619565217391304,1.667390940552183,1.605062848726972
10.010067172812644,82.1799711628555,4.039600000000007,726,59,0.036092639377671466,0.081267217630854,5.86831521124361,5.1459574012848135
10.010067172812644,87.1799711628555,-5.960399999999993,1396,61,0.03441213659116047,0.04369627507163324,1.5610218844515524,1.5110959840212814
10.010067172812644,87.1799711628555,-0.9603999999999928,636,72,0.03465895241760512,0.11320754716981132,9.751611206438481,7.965968076501478
10.010067172812644,87.1799711628555,4.039600000000007,533,0,0.03561538551304087,0.0,-4.4366716929541195,-6.217602588740632
10.010067172812644,92.1799711628555,-5.960399999999993,1115,0,0.03395632124827318,0.0,-6.26036088041417,-8.777134624398219
10.010067172812644,92.1799711628555,4.039600000000007,756,5,0.03514421229753545,0.006613756613756613,-4.280592555119333,-5.230505668314194
10.010067172812644,107.1799711628555,-0.9603999999999928,894,173,0.032857992728193175,0.1935123042505593,23.688852105722937,17.197089856475237
10.010067172812644,117.1799711628555,-0.9603999999999928,529,12,0.03199174324592905,0.022684310018903593,-1.2966883074912052,-1.3707777418552574
10.010067172812644,122.1799711628555,-5.960399999999993,469,44,0.03134142813085773,0.09381663113006397,7.07523244067585,5.860678321546151
10.010067172812644,122.1799711628555,4.039600000000007,1096,5,0.03244091449448792,0.004562043795620438,-5.225239055807858,-6.5307140182178784
10.010067172812644,132.17997116285548,-0.9603999999999928,1384,54,0.03073364527790595,0.03901734104046243,1.498098434521651,1.4489180513919688
10.010067172812644,137.17997116285548,-0.9603999999999928,2199,5,0.030325024166327035,0.002273760800363802,-7.681117393678586,-9.9758090917017
10.010067172812644,142.17997116285548,-5.960399999999993,525,0,0.02970754967004174,0.0,-4.009237109652638,-5.6272236161992915
10.010067172812644,147.17997116285548,-5.960399999999993,569,0,0.029312158505585748,0.0,-4.145149881400538,-5.818581553597042
10.010067172812644,147.17997116285548,4.039600000000007,467,0,0.030342686153730574,0.0,-3.8227536708648313,-5.364599332240993
10.010067172812644,152.17997116285548,-5.960399999999993,620,0,0.02892187292078808,0.0,-4.297164364017207,-6.032574768276812
10.010067172812644,152.17997116285548,4.039600000000007,504,0,0.029939102505094434,0.0,-3.943984118004729,-5.5353048661322335
10.010067172812644,157.17997116285548,-5.960399999999993,678,0,0.028536631140457014,0.0,-4.462754362007102,-6.265662594670615
10.010067172812644,162.17997116285548,-5.960399999999993,749,0,0.02815637202677289,0.0,-4.658338682353634,-6.5409040142509545
10.010067172812644,162.17997116285548,-0.9603999999999928,591,0,0.028359637134841152,0.0,-4.153280868135354,-5.83143175618522
10.010067172812644,167.17997116285548,-5.960399999999993,830,0,0.02778103507570036,0.0,-4.870025254258657,-6.838802335027054
10.010067172812644,167.17997116285548,-0.9603999999999928,644,0,0.027981668585731954,0.0,-4.305687539688765,-6.046009626451884
10.010067172812644,172.17997116285548,-0.9603999999999928,709,0,0.027608594349391502,0.0,-4.486676010250657,-6.300759363681147
10.010067172812644,177.17997116285548,-0.9603999999999928,784,0,0.027240354842928076,0.0,-4.685561459536649,-6.580685287103289
10.010067172812644,182.17997116285548,-0.9603999999999928,880,0,0.026876891108104404,0.0,-4.930000450841878,-6.924639797604121
10.010067172812644,187.17997116285548,-0.9603999999999928,1009,0,0.026518144807523146,0.0,-5.242678445323814,-7.364506489271025
10.010067172812644,192.17997116285548,-0.9603999999999928,1213,0,0.026164058220752528,0.0,-5.708737244877233,-8.01992195757111
10.010067172812644,197.17997116285548,-0.9603999999999928,1623,0,0.025814574240397563,0.0,-6.55799270454805,-9.213828944509808
10.010067172812644,202.17997116285548,-0.9603999999999928,5331,9,0.025469636368118772,0.0016882386043894203,-11.031914925636013,-14.429544407140218
10.510067172812644,57.179971162855495,-30.960399999999993,708,6,0.034145939748961116,0.00847457627118644,-3.787702497292942,-4.519053581757236
10.510067172812644,57.179971162855495,-5.960399999999993,517,47,0.035927264882765854,0.09090909090909091,6.049319362862383,5.191327843881703
10.510067172812644,57.179971162855495,-0.9603999999999928,812,82,0.03629411615213024,0.10098522167487685,8.861583877107874,7.473071134379041
10.510067172812644,57.179971162855495,34.03960000000001,2133,10,0.03502337268660458,0.0046882325363338025,-7.644213371915828,-9.582424356673327
10.510067172812644,62.179971162855495,-0.9603999999999928,546,12,0.03581429714184041,0.02197802197802198,-1.8189276268796513,-1.9610212328482648
10.510067172812644,67.1799711628555,-20.960399999999993,696,37,0.033931137895412265,0.05316091954022988,2.4742922157056477,2.3117869054968856
10.510067172812644,72.1799711628555,-0.9603999999999928,1814,25,0.034872919604197236,0.013781697905181918,-4.973899397271397,-5.658289162638646
10.510067172812644,72.1799711628555,4.039600000000007,970,5,0.03576834161161154,0.005154639175257732,-5.151727793641194,-6.423752444940096
10.510067172812644,82.1799711628555,-5.960399999999993,721,0,0.03361137797863856,0.0,-5.007660609605654,-7.021457333535022
10.510067172812644,82.1799711628555,-0.9603999999999928,2550,172,0.03395541473787394,0.06745098039215686,8.421133205832623,7.545671898645032
10.510067172812644,82.1799711628555,4.039600000000007,2107,10,0.034828128380504766,0.004746084480303749,-7.5548164004953975,-9.459014956382815
10.510067172812644,87.1799711628555,-5.960399999999993,620,17,0.03316580498688842,0.027419354838709678,-0.9130682808856049,-0.9444206023302227
10.510067172812644,87.1799711628555,4.039600000000007,1150,0,0.034366999020367425,0.0,-6.39754980639961,-8.968516944861538
10.510067172812644,92.1799711628555,-5.960399999999993,1292,40,0.032725938754922794,0.030959752321981424,-0.5530144370033316,-0.5606163770972369
10.510067172812644,92.1799711628555,-0.9603999999999928,1534,94,0.033061222462441794,0.061277705345501955,5.569088480330634,5.050433049989715
10.510067172812644,92.1799711628555,4.039600000000007,901,0,0.0339117605616767,0.0,-5.623790922755241,-7.88474393929772
10.510067172812644,97.1799711628555,-5.960399999999993,2168,30,0.03229171146654402,0.013837638376383764,-4.944364510065612,-5.5739667993159125
10.510067172812644,97.1799711628555,-0.9603999999999928,2476,129,0.03262269646995686,0.05210016155088853,4.854755263372727,4.518791603021839
10.510067172812644,97.1799711628555,4.039600000000007,1640,0,0.03346234339796714,0.0,-7.53512932378008,-10.565740068940174
10.510067172812644,102.1799711628555,-0.9603999999999928,593,0,0.03218979347376152,0.0,-4.4411080850464515,-6.229371106385737
10.510067172812644,122.1799711628555,-0.9603999999999928,2330,71,0.030513081533599672,0.030472103004291845,-0.2683891726002402,-0.2697443988756856
10.510067172812644,127.17997116285548,-5.960399999999993,912,36,0.029801051470871146,0.039473684210526314,1.4800386596910224,1.4210320395193763
10.510067172812644,127.17997116285548,4.039600000000007,2424,8,0.030884274170747378,0.0033003300330033004,-7.865974309594636,-10.01408173958598
10.510067172812644,132.17997116285548,-5.960399999999993,1320,19,0.029404453561772216,0.014393939393939395,-3.2955634995396617,-3.657167779249183
10.510067172812644,132.17997116285548,-0.9603999999999928,1270,0,0.02970675309842619,0.0,-6.235595707885991,-8.752063723517148
10.510067172812644,132.17997116285548,4.039600000000007,700,0,0.030473713327977096,0.0,-4.6906379679823225,-6.5823071517989975
10.510067172812644,137.17997116285548,-0.9603999999999928,554,0,0.02931137221562914,0.0,-4.09009115160172,-5.741296322558278
10.510067172812644,137.17997116285548,4.039600000000007,593,0,0.03006844094824769,0.0,-4.287580200422632,-6.017333665005844
10.510067172812644,137.17997116285548,9.039600000000007,1785,35,0.029762573729329528,0.0196078431372549,-2.6440169134923943,-2.823344744398923
10.510067172812644,142.17997116285548,4.039600000000007,656,0,0.029668393387396786,0.0,-4.47856462288049,-6.286018874130963
10.510067172812644,172.17997116285548,-5.960399999999993,582,0,0.02641087444354033,0.0,-3.973425050003289,-5.581712584940902
10.510067172812644,177.17997116285548,-5.960399999999993,1056,0,0.02605818185577247,0.0,-5.3154190389619,-7.467572559490802
10.510067172812644,182.17997116285548,-5.960399999999993,1233,0,0.02571007477219956,0.0,-5.70412589623349,-8.01438155727289
10.510067172812644,187.17997116285548,-0.9603999999999928,1231,0,0.025628379379127524,0.0,-5.6901967787616226,-7.994979255179436
10.510067172812644,192.17997116285548,-0.9603999999999928,2222,0,0.025285864890769283,0.0,-7.592281493685221,-10.668434151367936
10.510067172812644,202.17997116285548,-5.960399999999993,2058,0,0.024362384203163938,0.0,-7.168665417036353,-10.075577294372465
10.510067172812644,202.17997116285548,-0.9603999999999928,4736,0,0.024614162095167133,0.0,-10.932265042697976,-15.364330539439202
10.510067172812644,212.17997116285548,-5.960399999999993,691,0,0.023714616229089144,0.0,-4.096931290069363,-5.759206669085416
10.510067172812644,217.17997116285548,-0.9603999999999928,2208,10,0.023639107688354945,0.004528985507246377,-5.930445302566848,-7.2491814114344795
10.510067172812644,222.17997116285548,-0.9603999999999928,2965,38,0.023322542772485345,0.012816188870151771,-3.873635236544241,-4.237214031315678
10.510067172812644,227.17997116285548,-0.9603999999999928,3097,23,0.0230101172512467,0.007426541814659348,-5.825899784086228,-6.782288583005145
10.510067172812644,232.17997116285548,-0.9603999999999928,2554,0,0.022701779658084554,0.0,-7.70241376219716,-10.830383829429966
10.510067172812644,237.17997116285548,-0.9603999999999928,1743,100,0.02239747909543684,0.05737234652897304,9.243859750423779,7.839483743535351
10.510067172812644,242.17997116285548,-0.9603999999999928,2102,0,0.022097165230365826,0.0,-6.891865366559684,-9.692173758408023
10.510067172812644,247.17997116285548,-0.9603999999999928,2814,5,0.02180078829016994,0.0017768301350390902,-7.281419646354022,-9.432496450916497
10.510067172812644,252.17997116285548,-0.9603999999999928,3532,96,0.021508299057972285,0.027180067950169876,2.056278142201508,1.9857118875680444
10.510067172812644,257.1799711628555,-0.9603999999999928,941,0,0.021219648868292806,0.0,-4.516700431570041,-6.35335954594667
10.510067172812644,257.1799711628555,4.039600000000007,1245,40,0.02177240831128201,0.0321285140562249,2.2980973323788154,2.160699557881726
11.010067172812644,32.179971162855495,4.039600000000007,1400,5,0.03954620969923685,0.0035714285714285713,-6.921481454633087,-8.883437658458988
11.010067172812644,62.179971162855495,-0.9603999999999928,553,13,0.03572602345417377,0.023508137432188065,-1.6352807073466762,-1.7467075695011753
11.010067172812644,67.1799711628555,-0.9603999999999928,2903,46,0.03525344006114302,0.01584567688598002,-5.787640719629137,-6.487067570017908
11.010067172812644,72.1799711628555,-0.9603999999999928,520,24,0.03478688247418578,0.046153846153846156,1.1876741920979572,1.1415304353365527
11.010067172812644,77.1799711628555,-0.9603999999999928,1543,36,0.03432627979362636,0.023331173039533377,-2.5158241464045865,-2.6753589793090873
11.010067172812644,77.1799711628555,4.039600000000007,1257,0,0.03508751366410569,0.0,-6.760829334226865,-9.476007803856922
11.010067172812644,82.1799711628555,-0.9603999999999928,1132,19,0.033871561797490825,0.01678445229681979,-3.256543020610076,-3.6078014739369455
11.010067172812644,82.1799711628555,4.039600000000007,2364,10,0.03462307320267793,0.004230118443316413,-8.104692772670244,-10.223055431704875
11.010067172812644,87.1799711628555,-5.960399999999993,673,8,0.032899509831269866,0.01188707280832095,-3.0945400822917493,-3.555944311617429
11.010067172812644,87.1799711628555,-0.9603999999999928,1475,5,0.03342265893928716,0.003389830508474576,-6.430635045067354,-8.208575730691196
11.010067172812644,87.1799711628555,4.039600000000007,594,0,0.034164562699703804,0.0,-4.583841451561412,-6.4262769223996585
11.010067172812644,92.1799711628555,-5.960399999999993,1552,192,0.03246305679161842,0.12371134020618557,18.29224430888522,14.468634437091666
11.010067172812644,92.1799711628555,-0.9603999999999928,921,0,0.03297950234565863,0.0,-5.604463229965188,-7.859551545987995
11.010067172812644,92.1799711628555,4.039600000000007,1610,0,0.03371191217270571,0.0,-7.494649352335418,-10.508296844158327
11.010067172812644,97.1799711628555,-0.9603999999999928,767,13,0.03254202381391471,0.01694915254237288,-2.498805606549284,-2.7514518149579064
11.010067172812644,97.1799711628555,4.039600000000007,475,0,0.03326505231387095,0.0,-4.042846021640077,-5.66915978794342
11.010067172812644,102.1799711628555,-5.960399999999993,615,30,0.03160687890925266,0.04878048780487805,2.1636542885385506,2.0251560045424464
11.010067172812644,102.1799711628555,-0.9603999999999928,535,0,0.03211015580944503,0.0,-4.2129386125708,-5.9094488059469406
11.010067172812644,102.1799711628555,4.039600000000007,1511,19,0.03282391448766154,0.01257445400397088,-4.479684394975773,-5.114666989101373
11.010067172812644,107.1799711628555,-5.960399999999993,622,12,0.031187021231581635,0.01929260450160772,-1.775878185961357,-1.9125243444835123
11.010067172812644,107.1799711628555,4.039600000000007,2162,0,0.03238843072830299,0.0,-8.506918493223967,-11.931710972976987
11.010067172812644,112.1799711628555,-5.960399999999993,1072,15,0.0307725636067684,0.013992537313432836,-3.2402733732881197,-3.627799465384608
11.010067172812644,112.1799711628555,4.039600000000007,2031,5,0.03195853373715744,0.002461841457410143,-7.568517283665738,-9.812624985504318
11.010067172812644,117.1799711628555,4.039600000000007,592,0,0.03153415687998556,0.0,-4.390452786110702,-6.15936721219608
11.010067172812644,122.1799711628555,-5.960399999999993,7866,61,0.029959590083714703,0.007754894482583269,-11.6279195065176,-13.826458689336489
11.010067172812644,122.1799711628555,4.039600000000007,702,5,0.03111523418410104,0.007122507122507123,-3.681947062085906,-4.427184813140586
11.010067172812644,127.17997116285548,-5.960399999999993,486,0,0.029560946598673667,0.0,-3.84762883088954,-5.400600943302264
11.010067172812644,132.17997116285548,-5.960399999999993,2182,106,0.02916744798637104,0.04857928505957837,4.878146878264321,4.501386944055827
11.010067172812644,137.17997116285548,-5.960399999999993,1893,103,0.028779032067791668,0.054410987849973586,6.099275183269846,5.500542218074963
11.010067172812644,142.17997116285548,-5.960399999999993,1218,23,0.028395637303516942,0.018883415435139574,-2.091649953358657,-2.2305782493259776
11.010067172812644,147.17997116285548,4.039600000000007,526,7,0.029100170009152344,0.013307984790874524,-2.193062020782676,-2.4538903712117937
11.010067172812644,152.17997116285548,-5.960399999999993,837,32,0.027643668256870875,0.038231780167264036,1.6506487046099243,1.5723673633659125
11.010067172812644,152.17997116285548,4.039600000000007,840,0,0.028712623518076345,0.0,-4.983129906836955,-6.995946247395287
11.010067172812644,152.17997116285548,9.039600000000007,2888,14,0.028261042811206137,0.004847645429362881,-7.618646395052997,-9.389104333271725
11.010067172812644,157.17997116285548,-5.960399999999993,3479,11,0.027274974061417382,0.0031618281115263006,-8.749209616142759,-11.08939405395854
11.010067172812644,157.17997116285548,4.039600000000007,979,0,0.02833008764346443,0.0,-5.3426401974939814,-7.501414111925223
11.010067172812644,162.17997116285548,4.039600000000007,1182,0,0.02795250159117173,0.0,-5.8300910223507465,-8.186625664477996
11.010067172812644,167.17997116285548,4.039600000000007,1094,0,0.027579805198866186,0.0,-5.5702831695362685,-7.822556106694588
11.010067172812644,177.17997116285548,-5.960399999999993,760,0,0.02584742961000324,0.0,-4.490575332655518,-6.309101650304859
11.010067172812644,182.17997116285548,-5.960399999999993,786,5,0.025502064212320034,0.006361323155216285,-3.422002040529522,-4.085622994275349
11.010067172812644,187.17997116285548,-5.960399999999993,614,6,0.025161194289465158,0.009771986970684038,-2.461731396528849,-2.8081076052944507
11.010067172812644,192.17997116285548,-0.9603999999999928,836,0,0.025222862426218205,0.0,-4.65101410868652,-6.5355641779462035
11.010067172812644,197.17997116285548,-5.960399999999993,2578,103,0.024492720069361415,0.03995345228859581,4.664812426617474,4.312668654945193
11.010067172812644,197.17997116285548,-0.9603999999999928,6497,0,0.024885629115220215,0.0,-12.876652245853547,-18.095730022043913
11.010067172812644,202.17997116285548,-5.960399999999993,2041,7,0.024165006861559705,0.0034296913277804997,-6.114196971855816,-7.648194253914601
11.010067172812644,202.17997116285548,-0.9603999999999928,1939,5,0.02455279109266256,0.0025786487880350697,-6.262371164496635,-7.990972419994521
11.010067172812644,207.17997116285548,-5.960399999999993,2400,0,0.023841571299125563,0.0,-7.656193548153846,-10.762240938459907
11.010067172812644,207.17997116285548,-0.9603999999999928,960,8,0.024224294092239227,0.008333333333333333,-3.2297239856478694,-3.7340718748588744
11.010067172812644,212.17997116285548,-5.960399999999993,1379,5,0.023522360396806198,0.0036258158085569255,-4.887197954824939,-6.0772546479747405
11.010067172812644,212.17997116285548,-0.9603999999999928,1032,10,0.02390008443727367,0.009689922480620155,-3.0228657717028082,-3.431666120461101
11.010067172812644,232.17997116285548,-0.9603999999999928,872,18,0.02264506613788112,0.020642201834862386,-0.4853552064143947,-0.49420296700659433
11.010067172812644,237.17997116285548,-0.9603999999999928,2160,93,0.02234150839941574,0.043055555555555555,6.081868990803576,5.44850938101728
11.010067172812644,242.17997116285548,-0.9603999999999928,2313,0,0.022041928089662058,0.0,-7.220254222134167,-10.154137761423481
11.010067172812644,247.17997116285548,4.039600000000007,2270,165,0.022234953590751113,0.07268722466960352,15.236378404244284,12.298698708805176
11.010067172812644,252.17997116285548,4.039600000000007,1590,60,0.021936770029156498,0.03773584905660377,4.000775416487452,3.65961891600694
11.010067172812644,257.1799711628555,4.039600000000007,1631,87,0.02164249676885304,0.05334150827713059,8.259883063878167,7.054813592473817
11.010067172812644,262.1799711628555,4.039600000000007,4644,108,0.02135208489101915,0.023255813953488372,0.6557931212441922,0.6490866166898388
11.510067172812644,52.179971162855495,-30.960399999999993,490,6,0.032744265142396464,0.012244897959183673,-2.5838651347017927,-2.9580257214568566
11.510067172812644,62.179971162855495,4.039600000000007,556,0,0.03740137552698671,0.0,-4.6479191482655295,-6.510610663072297
11.510067172812644,67.1799711628555,-20.960399999999993,640,8,0.03299394287367645,0.0125,-2.9426549328329523,-3.3638599408197716
11.510067172812644,67.1799711628555,-0.9603999999999928,593,0,0.03628697329911546,0.0,-4.725294214921949,-6.620921275593666
11.510067172812644,67.1799711628555,4.039600000000007,498,0,0.036907478827945116,0.0,-4.368555482749072,-6.120079462908032
11.510067172812644,72.1799711628555,-0.9603999999999928,892,0,0.03580724521082266,0.0,-5.755538329546881,-8.065473789282036
11.510067172812644,72.1799711628555,4.039600000000007,1266,0,0.03641985742548381,0.0,-6.917386671243017,-9.692070351376914
11.510067172812644,77.1799711628555,-0.9603999999999928,2808,164,0.03533362678636562,0.0584045584045584,5.860841625082661,5.4282897693403145
11.510067172812644,77.1799711628555,4.039600000000007,528,0,0.03593843806989329,0.0,-4.436537702992818,-6.216890904186196
11.510067172812644,82.1799711628555,-5.960399999999993,1374,169,0.03404645138749429,0.12299854439592431,16.34945812344366,13.090037424333067
11.510067172812644,82.1799711628555,-0.9603999999999928,1080,77,0.03486604633011894,0.0712962962962963,5.875305417845406,5.239469677468387
11.510067172812644,82.1799711628555,4.039600000000007,514,0,0.03546314819577407,0.0,-4.347211703930522,-6.092474199198973
11.510067172812644,87.1799711628555,-5.960399999999993,1948,232,0.03359531129992775,0.11909650924024641,18.871224056716102,15.157706728634246
11.510067172812644,87.1799711628555,-0.9603999999999928,5868,61,0.03440443282658983,0.010395364689843218,-10.18806076204854,-11.926234735362504
11.510067172812644,87.1799711628555,4.039600000000007,897,9,0.034993915920291725,0.010033444816053512,-4.104746231382885,-4.829838665138791
11.510067172812644,92.1799711628555,-5.960399999999993,641,21,0.033149943991733294,0.0327613104524181,-0.20521195871756107,-0.20666103055398935
11.510067172812644,97.1799711628555,-5.960399999999993,1055,45,0.032710281001552904,0.04265402843601896,1.5287157372638158,1.4727311719666851
11.510067172812644,97.1799711628555,-0.9603999999999928,1442,206,0.03349882600385287,0.14285714285714285,20.643782914215908,15.99013125081573
11.510067172812644,97.1799711628555,4.039600000000007,660,0,0.034073340035253,0.0,-4.825110293119751,-6.764682335306291
11.510067172812644,102.1799711628555,-5.960399999999993,886,0,0.032276254537120734,0.0,-5.4360410545148,-7.624753995800376
11.510067172812644,102.1799711628555,-0.9603999999999928,522,5,0.03305469403507817,0.009578544061302681,-3.026164971539801,-3.557838181562083
11.510067172812644,102.1799711628555,4.039600000000007,596,0,0.03362185605516315,0.0,-4.5536581307116855,-6.3848634336275705
11.510067172812644,107.1799711628555,4.039600000000007,520,6,0.03317614892819073,0.011538461538461539,-2.787730385682503,-3.216490233802417
11.510067172812644,112.1799711628555,4.039600000000007,461,6,0.0327361501532885,0.013015184381778741,-2.4152789599602085,-2.74621622476502
11.510067172812644,117.1799711628555,4.039600000000007,2279,7,0.03230179189865536,0.00307152259763054,-7.907284654594352,-10.134061434848046
11.510067172812644,122.1799711628555,-5.960399999999993,779,12,0.03059518135799156,0.01540436456996149,-2.5189558307257056,-2.785534155845943
11.510067172812644,127.17997116285548,-5.960399999999993,1744,118,0.030188343864560166,0.0676605504587156,8.368740842699507,7.319323631972619
11.510067172812644,132.17997116285548,-5.960399999999993,1659,49,0.029786750038000718,0.029535864978902954,-0.26698709802237824,-0.2686024699121624
11.510067172812644,132.17997116285548,-0.9603999999999928,451,0,0.030507040399333076,0.0,-3.7671765993176525,-5.286380966581817
11.510067172812644,137.17997116285548,-5.960399999999993,490,5,0.029390336689449015,0.01020408163265306,-2.5409439176092596,-2.933366532357433
11.510067172812644,137.17997116285548,-0.9603999999999928,478,0,0.030101338561026352,0.0,-3.851622122997367,-5.40544942770917
11.510067172812644,147.17997116285548,-5.960399999999993,8566,94,0.028612801892467146,0.010973616623861778,-9.912516295336536,-11.320099039637117
11.510067172812644,152.17997116285548,-5.960399999999993,1796,21,0.028231557277524126,0.011692650334075724,-4.291109696999296,-4.857980713983039
11.510067172812644,157.17997116285548,-5.960399999999993,2060,26,0.02785524680049148,0.01262135922330097,-4.27179774380269,-4.78547107111237
11.510067172812644,162.17997116285548,-5.960399999999993,2262,0,0.02748381046251388,0.0,-7.995329249959003,-11.228417014453026
11.510067172812644,167.17997116285548,-5.960399999999993,2546,0,0.02711718889188461,0.0,-8.424056435031357,-11.83162945416269
11.510067172812644,172.17997116285548,-5.960399999999993,1397,6,0.026755323340271232,0.004294917680744453,-5.217774650881611,-6.464926137790211
11.510067172812644,172.17997116285548,4.039600000000007,3312,0,0.02787738697361862,0.0,-9.745646921113064,-13.685122829594878
11.510067172812644,172.17997116285548,9.039600000000007,3092,5,0.027217441333977223,0.0016170763260025874,-8.756479023366726,-11.50674335751416
11.510067172812644,177.17997116285548,-5.960399999999993,1638,43,0.02639815567888057,0.026251526251526252,-0.20923580466796998,-0.21030119257773663
11.510067172812644,177.17997116285548,4.039600000000007,1624,0,0.027505663760202293,0.0,-6.777359716574209,-9.517880913027993
11.510067172812644,182.17997116285548,-5.960399999999993,1674,25,0.026045628394565198,0.014934289127837515,-2.9324571135405018,-3.189899405569423
11.510067172812644,187.17997116285548,-5.960399999999993,714,0,0.025697684585877182,0.0,-4.339595355321258,-6.09721536072309
11.510067172812644,187.17997116285548,-0.9603999999999928,3259,6,0.026321777531395276,0.001841055538508745,-8.738974963898167,-11.398771391310158
11.510067172812644,187.17997116285548,9.039600000000007,6300,134,0.026142025719810797,0.02126984126984127,-2.6720225923163503,-2.7686228481559123
11.510067172812644,192.17997116285548,-5.960399999999993,759,0,0.025354267959068914,0.0,-4.443477989080939,-6.243724906809531
11.510067172812644,192.17997116285548,4.039600000000007,2382,11,0.026419169186717252,0.004617968094038623,-6.656238076940051,-8.193392276692782
11.510067172812644,197.17997116285548,-5.960399999999993,5291,77,0.025015322824046643,0.014553014553014554,-5.006242534581096,-5.435424853628429
11.510067172812644,202.17997116285548,-5.960399999999993,3406,5,0.024680794090278374,0.001467997651203758,-8.738877024534398,-11.48940776776493
11.510067172812644,202.17997116285548,-0.9603999999999928,6899,28,0.025280831680443372,0.0040585592114799245,-11.260680547216033,-13.955652654445498
11.510067172812644,202.17997116285548,4.039600000000007,2829,0,0.02571815523245389,0.0,-8.641598320230043,-12.14154863335717
11.510067172812644,207.17997116285548,-5.960399999999993,966,0,0.02435062726265821,0.0,-4.910172558714078,-6.901280771397874
11.510067172812644,207.17997116285548,-0.9603999999999928,5691,10,0.0249428431445113,0.0017571604287471446,-11.227036207045932,-14.643249365490837
11.510067172812644,212.17997116285548,-5.960399999999993,1079,7,0.024024768437332072,0.006487488415199258,-3.7832274594991424,-4.483764424587845
11.510067172812644,212.17997116285548,-0.9603999999999928,7210,21,0.02460925921313343,0.002912621359223301,-11.913032284052205,-15.086847828482037
11.510067172812644,217.17997116285548,-5.960399999999993,1245,5,0.02370316429748459,0.004016064257028112,-4.579276644308395,-5.653185687976483
11.510067172812644,222.17997116285548,-5.960399999999993,1499,10,0.023385762109092167,0.0066711140760507,-4.307762212576319,-5.078380130321625
11.510067172812644,222.17997116285548,4.039600000000007,2582,8,0.024370051690369276,0.003098373353989156,-7.023865721396575,-8.853325243502567
11.510067172812644,227.17997116285548,-5.960399999999993,1900,58,0.02307250971664367,0.030526315789473683,1.9303651179051209,1.8503835458435582
11.510067172812644,227.17997116285548,-0.9603999999999928,5604,6,0.02363439432077403,0.0010706638115631692,-11.125919149790775,-14.796462437166955
11.510067172812644,232.17997116285548,-5.960399999999993,8645,56,0.022763355538830462,0.006477732793522267,-10.21130642197384,-12.041829875052638
11.510067172812644,232.17997116285548,-0.9603999999999928,2984,11,0.023317891016879835,0.003686327077747989,-7.124124066921161,-8.842388265513547
11.510067172812644,237.17997116285548,-5.960399999999993,6869,285,0.02245824856421002,0.04149075556849614,9.921075493560824,8.958644416780666
11.510067172812644,252.17997116285548,4.039600000000007,3095,66,0.02247619822233769,0.021324717285945073,-0.605645582799672,-0.6128687006561296
11.510067172812644,257.1799711628555,4.039600000000007,3168,17,0.022174852803158538,0.005366161616161616,-6.45308001772196,-7.72976335901069
11.510067172812644,262.1799711628555,4.039600000000007,4897,117,0.021877457193902505,0.023892178885031652,0.7053716253754242,0.6979222314765802
12.010067172812644,37.179971162855495,-45.96039999999999,509,18,0.030688209444746394,0.03536345776031434,0.46151971928821917,0.45347976150598385
12.010067172812644,42.179971162855495,-35.96039999999999,508,21,0.03242683707063021,0.04133858267716536,0.9440830185018383,0.9128471407017981
12.010067172812644,52.179971162855495,-25.960399999999993,924,7,0.03380660745190619,0.007575757575757576,-4.438093302952855,-5.344372828015431
12.010067172812644,57.179971162855495,-0.9603999999999928,450,57,0.03955363501662278,0.12666666666666668,8.418550007743233,6.933474742555875
12.010067172812644,62.179971162855495,-0.9603999999999928,761,140,0.039032469522217846,0.18396846254927726,18.032795092386255,13.798350757748294
12.010067172812644,67.1799711628555,-5.960399999999993,484,112,0.037229712297512346,0.23140495867768596,19.431246671459196,14.066505618505339
12.010067172812644,67.1799711628555,4.039600000000007,463,97,0.03892730149666252,0.20950323974082075,16.42943636628352,12.257346871032995
12.010067172812644,67.1799711628555,9.039600000000007,2597,16,0.03762596193701141,0.0061609549480169425,-8.462567920439884,-10.44986061332661
12.010067172812644,77.1799711628555,-0.9603999999999928,637,5,0.037508218564260835,0.007849293563579277,-3.963285987989726,-4.798353263183265
12.010067172812644,77.1799711628555,4.039600000000007,729,0,0.03790731573754237,0.0,-5.359408050887727,-7.506241594654502
12.010067172812644,82.1799711628555,-0.9603999999999928,2772,64,0.03701296522041877,0.023088023088023088,-4.074859564155688,-4.383749151635928
12.010067172812644,82.1799711628555,4.039600000000007,1018,0,0.037406997572271304,0.0,-6.289685998693861,-8.810316025869518
12.010067172812644,87.1799711628555,-0.9603999999999928,2682,24,0.036524002986007775,0.008948545861297539,-7.668760077257267,-9.157347973415984
12.010067172812644,87.1799711628555,4.039600000000007,1612,0,0.03691302947932137,0.0,-7.860308831511688,-11.011796712790895
12.010067172812644,92.1799711628555,-5.960399999999993,2609,262,0.03483290249932467,0.1004216174779609,16.48876856674296,13.79662213170722
12.010067172812644,92.1799711628555,-0.9603999999999928,2279,89,0.03604125846421396,0.03905221588415972,0.4028878284759502,0.40016888997077443
12.010067172812644,92.1799711628555,4.039600000000007,1229,11,0.03642533751531141,0.008950366151342554,-5.1791304110833725,-6.182890089753443
12.010067172812644,97.1799711628555,-0.9603999999999928,2315,66,0.03556465894288857,0.028509719222462204,-2.0669909400254958,-2.1479375288793943
12.010067172812644,97.1799711628555,4.039600000000007,1165,0,0.03594384842278299,0.0,-6.590586807150205,-9.235332613244433
12.010067172812644,102.1799711628555,-5.960399999999993,1641,0,0.03391641348203961,0.0,-7.5901769251255855,-10.641670335381745
12.010067172812644,102.1799711628555,-0.9603999999999928,519,5,0.035094132392835035,0.009633911368015413,-3.178581294023214,-3.7559029022483412
12.010067172812644,102.1799711628555,4.039600000000007,822,0,0.035468489628606686,0.0,-5.4979279761691116,-7.705154469634263
12.010067172812644,122.1799711628555,-5.960399999999993,1868,19,0.03215275271640435,0.010171306209850108,-5.438115800934636,-6.337854153472436
12.010067172812644,127.17997116285548,-5.960399999999993,840,20,0.03172588135178238,0.023809523809523808,-1.4171965358531102,-1.4862521384707905
12.010067172812644,132.17997116285548,-5.960399999999993,875,6,0.03130449397739864,0.006857142857142857,-4.174953000541739,-5.039441117823528
12.010067172812644,137.17997116285548,-5.960399999999993,1042,34,0.030888524980945114,0.03262955854126679,0.1346082597600013,0.13411378029235377
12.010067172812644,142.17997116285548,-5.960399999999993,1016,15,0.030477909407065906,0.014763779527559055,-2.9753936787246573,-3.305959645059787
12.010067172812644,142.17997116285548,4.039600000000007,705,13,0.03187782555907563,0.018439716312056736,-2.1006275157081893,-2.2823223768103027
12.010067172812644,147.17997116285548,-5.960399999999993,849,43,0.030072582954258884,0.050647820965842166,3.17112785239486,2.921486567844743
12.010067172812644,147.17997116285548,4.039600000000007,4878,13,0.03145448560111896,0.0026650266502665026,-11.538194789288147,-14.885855788506554
12.010067172812644,152.17997116285548,-5.960399999999993,685,0,0.029672481971685673,0.0,-4.576811743467035,-6.42390966012038
12.010067172812644,157.17997116285548,-5.960399999999993,619,0,0.029277543455892247,0.0,-4.320809342591951,-6.065210546863377
12.010067172812644,162.17997116285548,-5.960399999999993,661,0,0.02888770504744695,0.0,-4.434273987109352,-6.225111155916089
12.010067172812644,162.17997116285548,4.039600000000007,2794,9,0.030216856148470757,0.0032211882605583395,-8.352375849025593,-10.636296765792457
12.010067172812644,167.17997116285548,-5.960399999999993,707,0,0.028502905027496316,0.0,-4.554424600414489,-6.394422459618587
12.010067172812644,167.17997116285548,4.039600000000007,1588,0,0.02981489468534228,0.0,-6.985774900115474,-9.80471437677426
12.010067172812644,172.17997116285548,-5.960399999999993,2283,0,0.028123082314245207,0.0,-8.127908032720242,-11.41272185967107
12.010067172812644,172.17997116285548,4.039600000000007,5689,70,0.029418118134297726,0.01230444717876604,-7.753040730682622,-8.76656693611253
12.010067172812644,177.17997116285548,-5.960399999999993,3344,0,0.027748176459363675,0.0,-9.769244409261715,-13.718717077283282
12.010067172812644,177.17997116285548,-0.9603999999999928,2723,7,0.02871807551023736,0.002570694087403599,-8.18217330253448,-10.530119935747491
12.010067172812644,177.17997116285548,4.039600000000007,1624,42,0.029026463906102803,0.02586206896551724,-0.9278725623278502,-0.9487722292759128
12.010067172812644,182.17997116285548,-5.960399999999993,877,0,0.02737812764432308,0.0,-4.968549864595477,-6.977883048402702
12.010067172812644,182.17997116285548,-0.9603999999999928,1446,10,0.02833546911822147,0.006915629322268326,-4.936685812290276,-5.903725249018703
12.010067172812644,182.17997116285548,4.039600000000007,1673,172,0.028639870053341246,0.10280932456664674,16.63238805196394,13.258194468631833
12.010067172812644,187.17997116285548,-5.960399999999993,2850,26,0.027012876676667522,0.009122807017543859,-5.945179956786291,-6.885267073137318
12.010067172812644,187.17997116285548,-0.9603999999999928,1355,22,0.02795781340486532,0.016236162361623615,-2.6969182200410353,-2.9287591690212555
12.010067172812644,187.17997116285548,4.039600000000007,843,130,0.028258275266921973,0.1542111506524318,19.830748189430633,14.506664568487905
12.010067172812644,192.17997116285548,-5.960399999999993,2891,7,0.026652364986220617,0.002421307506053269,-8.100736485619937,-10.42103201122949
12.010067172812644,197.17997116285548,-5.960399999999993,7193,15,0.026296534621233804,0.0020853607674127623,-12.848086574164636,-16.652291161854055
12.010067172812644,202.17997116285548,-5.960399999999993,5711,253,0.025945328244477848,0.04430047277184381,8.00379222509774,7.343405552893335
12.010067172812644,207.17997116285548,4.039600000000007,8169,225,0.02678068274247983,0.027543150936467132,0.01372101939680666,0.01371901240736173
12.010067172812644,207.17997116285548,9.039600000000007,2177,18,0.025874472421792076,0.008268259072117593,-5.2156604821625665,-6.076361089194231
12.010067172812644,212.17997116285548,4.039600000000007,5767,206,0.026423185739172832,0.03572047858505289,3.8863468650384294,3.7151290655161224
12.010067172812644,212.17997116285548,9.039600000000007,2028,342,0.025528755155640927,0.16863905325443787,36.66063926470364,25.643120135371987
12.010067172812644,217.17997116285548,4.039600000000007,3019,175,0.02607033314792441,0.057966213978138455,10.186225099038804,8.900515944053886
12.010067172812644,217.17997116285548,9.039600000000007,1753,504,0.025187537692955685,0.2875071306332002,60.06697209880232,37.45787973825993
12.010067172812644,222.17997116285548,4.039600000000007,9624,254,0.02572206802428779,0.026392352452202825,-0.005249135325420407,-0.005249412147311123
12.010067172812644,227.17997116285548,4.039600000000007,3362,411,0.025378334031800603,0.12224866151100536,32.63312962765205,24.38954293358324
12.010067172812644,232.17997116285548,-5.960399999999993,3537,137,0.02393205927263357,0.038733389878428046,5.297224871593758,4.903182033268075
12.010067172812644,232.17997116285548,4.039600000000007,8012,110,0.025039075437940803,0.013729405891163254,-6.630723023302717,-7.254923110756839
12.010067172812644,237.17997116285548,-5.960399999999993,17224,779,0.023611666146508503,0.045227589410125404,17.37228892154513,15.59057071771386
12.010067172812644,242.17997116285548,-5.960399999999993,1875,0,0.023295459948130374,0.0,-6.687359606549563,-9.401679673245301
12.010067172812644,242.17997116285548,-0.9603999999999928,1428,55,0.024113580577995626,0.03851540616246499,3.2568223649630244,3.0218857561610553
12.010067172812644,247.17997116285548,-0.9603999999999928,4542,106,0.0237908165475427,0.023337736679876705,-0.44078753413348665,-0.44380868341528956
12.010067172812644,257.1799711628555,4.039600000000007,5441,681,0.023408004566889937,0.12516081602646573,45.45184578889031,33.125384634753146
12.010067172812644,262.1799711628555,4.039600000000007,4846,829,0.023094461282092776,0.17106892282294675,61.68140927775817,41.88318026262321
12.510067172812644,57.179971162855495,-5.960399999999993,604,64,0.0412850353672211,0.10596026490066225,7.083202571395513,6.084848803973612
12.510067172812644,57.179971162855495,4.039600000000007,653,35,0.043364904273238046,0.05359877488514548,0.9667834417417974,0.9419287755514067
12.510067172812644,62.179971162855495,4.039600000000007,544,28,0.04279575846075639,0.051470588235294115,0.7273507601123458,0.7116304376208424
12.510067172812644,67.1799711628555,4.039600000000007,753,0,0.042233752665233826,0.0,-5.762322492358098,-8.061402260581199
12.510067172812644,72.1799711628555,-0.9603999999999928,1709,116,0.041557807806268804,0.06787595084844938,4.7099962063199055,4.381507432826991
12.510067172812644,72.1799711628555,4.039600000000007,787,0,0.041678805926257126,0.0,-5.850452447523725,-8.18588853843308
12.510067172812644,77.1799711628555,-0.9603999999999928,1224,16,0.04101136258777391,0.013071895424836602,-4.990959787116972,-5.806550065644
12.510067172812644,77.1799711628555,4.039600000000007,1153,61,0.04113083797578598,0.05290546400693842,1.599423587606068,1.5475854269542537
12.510067172812644,82.1799711628555,-5.960399999999993,490,5,0.038637625612898865,0.01020408163265306,-3.294247976869043,-3.905195003905231
12.510067172812644,82.1799711628555,-0.9603999999999928,1864,0,0.040471799190410655,0.0,-8.866869937883926,-12.410358554635698
12.510067172812644,82.1799711628555,4.039600000000007,1212,92,0.040589769238395516,0.07590759075907591,5.482827856576109,4.981269343795796
12.510067172812644,87.1799711628555,-5.960399999999993,1462,138,0.03812805047780628,0.09439124487004104,10.051300905192694,8.673317132840616
12.510067172812644,87.1799711628555,-0.9603999999999928,2582,145,0.03993903888358147,0.05615801704105345,3.5289935602359166,3.3643202208458707
12.510067172812644,87.1799711628555,4.039600000000007,1378,102,0.04005552083131074,0.07402031930333818,5.662706698043532,5.154157716657852
12.510067172812644,92.1799711628555,4.039600000000007,2031,52,0.03952801456423873,0.025603151157065487,-3.411387547480397,-3.651794234938002
12.510067172812644,97.1799711628555,-5.960399999999993,788,27,0.03712819791149336,0.03426395939086294,-0.603856186057167,-0.6147817203760325
12.510067172812644,97.1799711628555,4.039600000000007,1102,30,0.039007172939004554,0.02722323049001815,-2.173144994922954,-2.3029568788827857
12.510067172812644,102.1799711628555,-5.960399999999993,1115,9,0.03663777130492525,0.008071748878923767,-5.109225736500941,-6.159163333650048
12.510067172812644,102.1799711628555,-0.9603999999999928,1461,34,0.038380799583977915,0.02327173169062286,-3.147402239194236,-3.398644954359541
12.510067172812644,107.1799711628555,-0.9603999999999928,796,8,0.03787447817446721,0.010050251256281407,-4.147821183213999,-4.915351090058013
12.510067172812644,127.17997116285548,-5.960399999999993,511,84,0.03427771326012355,0.1643835616438356,14.331745641554322,10.85876809587458
12.510067172812644,132.17997116285548,-5.960399999999993,532,191,0.033823616087499495,0.35902255639097747,34.263016363874456,22.257540373495072
12.510067172812644,132.17997116285548,-0.9603999999999928,828,76,0.035437686903736235,0.09178743961352658,7.908942643585432,6.75548034162349
12.510067172812644,137.17997116285548,-0.9603999999999928,2391,5,0.03496877930665717,0.002091175240485153,-8.7617385679112,-11.490722819511078
12.510067172812644,142.17997116285548,-0.9603999999999928,953,19,0.03450585428517443,0.01993704092339979,-2.555058282449867,-2.7764097204635405
12.510067172812644,147.17997116285548,-0.9603999999999928,1003,40,0.03404884135231949,0.03988035892323031,0.766109454013885,0.7513180282761287
12.510067172812644,147.17997116285548,4.039600000000007,4333,162,0.034148755613379975,0.03738749134548811,0.6982004978164654,0.6921239416431875
12.510067172812644,152.17997116285548,-0.9603999999999928,3348,13,0.033597670697490485,0.003882915173237754,-9.565161319246588,-12.111194465723479
12.510067172812644,152.17997116285548,4.039600000000007,1176,143,0.033696307209780785,0.12159863945578231,15.03856506072215,12.038710368208834
12.510067172812644,157.17997116285548,-0.9603999999999928,2438,42,0.03315227318415378,0.017227235438884332,-4.510815025356416,-4.968227040243274
12.510067172812644,157.17997116285548,4.039600000000007,1866,111,0.03324964708108749,0.0594855305466238,5.678227596300707,5.182348449985625
12.510067172812644,162.17997116285548,-0.9603999999999928,1628,52,0.03271258034742264,0.03194103194103194,-0.4055844887033395,-0.40918065042794166
12.510067172812644,162.17997116285548,4.039600000000007,775,39,0.03280870661504899,0.05032258064516129,2.4189122675077086,2.2674291772828603
12.510067172812644,167.17997116285548,-0.9603999999999928,1896,0,0.03227852439151663,0.0,-7.952447549645365,-11.154334537209463
12.510067172812644,172.17997116285548,-0.9603999999999928,4941,68,0.03185003818710522,0.013762396276057479,-7.365362240374505,-8.29544431369404
12.510067172812644,172.17997116285548,4.039600000000007,1437,10,0.031943713567673365,0.006958942240779402,-5.415041521999533,-6.538819162219889
12.510067172812644,177.17997116285548,-0.9603999999999928,1475,5,0.031427055268542864,0.003389830508474576,-6.18479381250421,-7.868420985226048
12.510067172812644,177.17997116285548,4.039600000000007,1055,11,0.03151952709957118,0.01042654028436019,-3.9617860458230156,-4.596196961867196
12.510067172812644,182.17997116285548,-0.9603999999999928,4736,35,0.031009509830996356,0.007390202702702703,-9.433228765176574,-11.301540707672121
12.510067172812644,187.17997116285548,-0.9603999999999928,2190,15,0.03059733672747241,0.00684931506849315,-6.487674817401965,-7.81690326898837
12.510067172812644,192.17997116285548,-0.9603999999999928,1005,19,0.03019047146574627,0.01890547263681592,-2.176042918094587,-2.339642182112763
12.510067172812644,197.17997116285548,-5.960399999999993,3852,31,0.028424483529923442,0.008047767393561786,-7.66479477421376,-9.03719068577074
12.510067172812644,197.17997116285548,-0.9603999999999928,1763,0,0.029788850205198156,0.0,-7.357324236750404,-10.326263057370738
12.510067172812644,197.17997116285548,9.039600000000007,1591,54,0.02850838055088929,0.0339409176618479,1.0524384677885918,1.028161683341586
12.510067172812644,202.17997116285548,-5.960399999999993,2114,6,0.028045675673957195,0.002838221381267739,-7.032008852875827,-8.987033270703519
12.510067172812644,202.17997116285548,-0.9603999999999928,4620,9,0.029392409753560177,0.001948051948051948,-11.056486924374067,-14.449542634700551
12.510067172812644,202.17997116285548,9.039600000000007,2218,209,0.028128486984782597,0.09422903516681695,17.27749831386007,13.957178876879755
12.510067172812644,207.17997116285548,-5.960399999999993,2455,17,0.027671772338088693,0.006924643584521385,-6.303082552447709,-7.520979742028612
12.510067172812644,207.17997116285548,-0.9603999999999928,3062,0,0.02900108756357708,0.0,-9.56313669790628,-13.42493559869884
12.510067172812644,207.17997116285548,4.039600000000007,895,0,0.029086635524607843,0.0,-5.178071256654893,-7.268926152903975
12.510067172812644,207.17997116285548,9.039600000000007,2120,244,0.02775351113828399,0.11509433962264151,22.33578980451794,17.27429469375873
12.510067172812644,212.17997116285548,-5.960399999999993,5080,24,0.027302713832694232,0.004724409448818898,-9.907908649420888,-12.20392851225438
12.510067172812644,212.17997116285548,-0.9603999999999928,7314,42,0.028614821729586775,0.005742411812961444,-11.78321038134387,-14.3364773603595
12.510067172812644,212.17997116285548,4.039600000000007,5600,19,0.028699263953318527,0.0033928571428571428,-11.366967127458857,-14.385145797551605
12.510067172812644,212.17997116285548,9.039600000000007,2885,133,0.027383393183871885,0.04610051993067591,5.616749621945626,5.169393299366799
12.510067172812644,217.17997116285548,-0.9603999999999928,924,58,0.028233550984021482,0.06277056277056277,5.832566876380349,5.103001009099402
12.510067172812644,217.17997116285548,4.039600000000007,3947,15,0.028316900877996643,0.003800354699771979,-9.308637930857289,-11.681253529261804
12.510067172812644,222.17997116285548,-0.9603999999999928,12481,19,0.0278572146938356,0.0015223139171540742,-17.89332195009261,-23.595581465424647
12.510067172812644,222.17997116285548,4.039600000000007,3476,10,0.02793948552648562,0.0028768699654775605,-8.982086055158625,-11.467556088910895
12.510067172812644,227.17997116285548,-0.9603999999999928,5980,257,0.027485752856862902,0.042976588628762545,6.627332416992245,6.180084009059447
12.510067172812644,232.17997116285548,-5.960399999999993,1001,5,0.02587375612850627,0.004995004995004995,-4.17620915384927,-5.099836012073241
12.510067172812644,232.17997116285548,-0.9603999999999928,1531,47,0.02711910609810546,0.03069888961463096,0.6518587041143984,0.6418842074870755
12.510067172812644,247.17997116285548,-0.9603999999999928,8934,139,0.026047471868994528,0.015558540407432282,-6.415253739153288,-6.940970802879156
12.510067172812644,257.1799711628555,4.039600000000007,9164,238,0.02543114118085657,0.025971191619380184,-0.07229498978332703,-0.0723492568737785
12.510067172812644,262.1799711628555,4.039600000000007,2383,358,0.02509119483269648,0.15023080151070078,35.321464065869264,25.203748772917972
13.010067172812644,47.179971162855495,-5.960399999999993,465,9,0.0469711923944677,0.01935483870967742,-2.8795713099789544,-3.2574069473814693
13.010067172812644,52.179971162855495,4.039600000000007,1288,118,0.048945689066226906,0.09161490683229814,6.079345582146359,5.542907125136669
13.010067172812644,57.179971162855495,-5.960399999999993,460,7,0.0457504713363058,0.015217391304347827,-3.181505213874813,-3.683341570406502
13.010067172812644,57.179971162855495,-0.9603999999999928,495,0,0.04859097511714802,0.0,-5.02801741638511,-7.022328462850694
13.010067172812644,62.179971162855495,-0.9603999999999928,511,0,0.047956677815162975,0.0,-5.073488022312854,-7.087024973959952
13.010067172812644,62.179971162855495,4.039600000000007,709,86,0.04767622043758448,0.12129760225669958,8.005617847299057,6.91751141476179
13.010067172812644,67.1799711628555,4.039600000000007,1295,93,0.047053273607753035,0.07181467181467181,3.5099414465158816,3.308522728123839
13.010067172812644,72.1799711628555,-5.960399999999993,765,318,0.043975882117590265,0.41568627450980394,40.069062927306,27.28579595179352
13.010067172812644,72.1799711628555,-0.9603999999999928,1073,18,0.046711600572681256,0.016775396085740912,-4.729131004393035,-5.430725539056158
13.010067172812644,72.1799711628555,4.039600000000007,1702,34,0.04643806941532286,0.0199764982373678,-5.316834787033173,-5.9855048640261685
13.010067172812644,77.1799711628555,-5.960399999999993,1550,96,0.04339908126738713,0.06193548387096774,2.971653527132413,2.8289394678430284
13.010067172812644,82.1799711628555,-5.960399999999993,1214,275,0.04282950697888968,0.22652388797364087,27.03557520828933,20.35473529947646
13.010067172812644,82.1799711628555,-0.9603999999999928,2579,161,0.04549730389921796,0.06242729740209384,3.3311716055947347,3.1934177537824784
13.010067172812644,82.1799711628555,4.039600000000007,750,0,0.0452305459757135,0.0,-5.960700332058681,-8.332350542673936
13.010067172812644,87.1799711628555,-5.960399999999993,790,60,0.04226707755851635,0.0759493670886076,4.103903564325701,3.7570759262551965
13.010067172812644,87.1799711628555,-0.9603999999999928,1967,14,0.04490148486924827,0.0071174377224199285,-8.131563253726316,-10.05275086232577
13.010067172812644,87.1799711628555,4.039600000000007,1328,0,0.04463805695671227,0.0,-7.877124505374239,-11.013004712913407
13.010067172812644,92.1799711628555,-5.960399999999993,826,0,0.0417117120045663,0.0,-5.996128634171493,-8.389644520085863
13.010067172812644,92.1799711628555,4.039600000000007,732,0,0.04405297103508919,0.0,-5.807994927936507,-8.12140780860359
13.010067172812644,97.1799711628555,4.039600000000007,546,19,0.04347520504429127,0.0347985347985348,-1.1477682807788905,-1.1936556071206672
13.010067172812644,102.1799711628555,-0.9603999999999928,695,0,0.04315833712666808,0.0,-5.5989258421427355,-7.830908014881533
13.010067172812644,107.1799711628555,-0.9603999999999928,686,90,0.04259178171441565,0.13119533527696792,10.123765214107733,8.420149721547686
13.010067172812644,112.1799711628555,-0.9603999999999928,653,35,0.04203233697321943,0.05359877488514548,1.1554929653375874,1.1198467914951218
13.010067172812644,112.1799711628555,4.039600000000007,812,137,0.0417850053487075,0.1687192118226601,15.792228736567495,12.482966299624527
13.010067172812644,117.1799711628555,-5.960399999999993,476,251,0.03903805564474839,0.5273109243697479,42.62834665669048,26.999273335704828
13.010067172812644,117.1799711628555,-0.9603999999999928,689,58,0.041479922192907664,0.0841799709724238,4.9569784284799425,4.441445270119671
13.010067172812644,117.1799711628555,4.039600000000007,582,35,0.04123570123113225,0.06013745704467354,1.9351400117377993,1.8344494718149278
13.010067172812644,122.1799711628555,-5.960399999999993,469,105,0.0385234110316657,0.22388059701492538,17.976357468801627,13.209490238366044
13.010067172812644,122.1799711628555,-0.9603999999999928,718,64,0.04093445735579361,0.08913649025069638,5.77340571466002,5.107407834032623
13.010067172812644,127.17997116285548,-0.9603999999999928,1086,133,0.040395863136842014,0.12246777163904236,12.184481558210118,10.145246237880281
13.010067172812644,132.17997116285548,-0.9603999999999928,1109,23,0.03986406090363006,0.020739404869251576,-3.3614360863101655,-3.7009677536033565
13.010067172812644,137.17997116285548,-0.9603999999999928,1101,0,0.03933897271610722,0.0,-6.714598988271042,-9.400761797718166
13.010067172812644,142.17997116285548,-0.9603999999999928,622,0,0.038820521326163364,0.0,-5.012145028581255,-7.018197172514425
13.010067172812644,142.17997116285548,4.039600000000007,675,0,0.038591327693143385,0.0,-5.205263616210812,-7.2890465177268595
13.010067172812644,147.17997116285548,-0.9603999999999928,690,0,0.03830863017700667,0.0,-5.242699884601319,-7.342012505370041
13.010067172812644,162.17997116285548,-0.9603999999999928,586,9,0.03681156295805388,0.015358361774744027,-2.809185481753369,-3.1756919401799797
13.010067172812644,167.17997116285548,-0.9603999999999928,613,43,0.03632516099877336,0.0701468189233279,4.000524092605276,3.6069868804417697
13.010067172812644,172.17997116285548,-0.9603999999999928,645,131,0.035844946831987745,0.20310077519379846,19.924867405720352,14.647858724825392
13.010067172812644,172.17997116285548,4.039600000000007,954,294,0.03563266951970353,0.3081761006289308,38.104019861072494,25.831647365072254
13.010067172812644,177.17997116285548,-0.9603999999999928,673,42,0.035370848026013216,0.06240713224368499,3.3831124883606347,3.0980356794445996
13.010067172812644,177.17997116285548,4.039600000000007,9259,25,0.035161275982532714,0.002700075602116859,-16.985163394007753,-22.009962316056104
13.010067172812644,182.17997116285548,-0.9603999999999928,565,6,0.0349027928313721,0.010619469026548672,-3.1761550075132288,-3.715220307722705
13.010067172812644,182.17997116285548,4.039600000000007,7686,107,0.03469589426421778,0.013921415560759823,-10.113209437567617,-11.485270695869486
13.010067172812644,187.17997116285548,4.039600000000007,833,8,0.034236453598437785,0.009603841536614645,-3.9430872658230474,-4.650006780421684
13.010067172812644,192.17997116285548,9.039600000000007,1899,190,0.0317791088086563,0.10005265929436545,15.41836763851958,12.651791371774458
13.010067172812644,202.17997116285548,-0.9603999999999928,1421,10,0.033089596942677796,0.007037297677691766,-5.520088506418771,-6.678443888761704
13.010067172812644,207.17997116285548,-0.9603999999999928,3216,316,0.03265070729803128,0.09825870646766169,18.999878130979223,15.739515640570346
13.010067172812644,212.17997116285548,-0.9603999999999928,3085,328,0.03221744497748735,0.10632090761750405,21.13670529312427,17.192697644210767
13.010067172812644,217.17997116285548,-0.9603999999999928,2156,42,0.03178974294597018,0.01948051948051948,-3.388869496424053,-3.6542265729096486
13.010067172812644,222.17997116285548,-0.9603999999999928,772,0,0.03136753483168767,0.0,-4.999992284049392,-7.014793606055337
13.010067172812644,222.17997116285548,4.039600000000007,2131,0,0.031180915674259374,0.0,-8.281610761077685,-11.61933852147542
13.010067172812644,227.17997116285548,4.039600000000007,2934,0,0.030766536612063442,0.0,-9.65061877082132,-13.541551392196698
13.010067172812644,232.17997116285548,4.039600000000007,3737,0,0.030357491888227936,0.0,-10.816547694970406,-15.179168446765642
13.010067172812644,237.17997116285548,4.039600000000007,3553,0,0.0299537173940119,0.0,-10.474341755332809,-14.700478924190136
13.010067172812644,242.17997116285548,-0.9603999999999928,1196,34,0.029732337161566712,0.028428093645484948,-0.43156991261639016,-0.4366217380220188
13.010067172812644,242.17997116285548,4.039600000000007,2619,18,0.029555149670376844,0.006872852233676976,-6.891875378819875,-8.276945196089567
13.010067172812644,247.17997116285548,-0.9603999999999928,2233,0,0.029336626063925807,0.0,-8.215142909977596,-11.531591775235531
13.010067172812644,247.17997116285548,4.039600000000007,3676,98,0.029161725904683296,0.02665941240478781,-1.1663663217123574,-1.1880335145669325
13.010067172812644,252.17997116285548,4.039600000000007,12836,1030,0.02877338392730339,0.08024306637581802,32.05659955202965,26.86516520166774
13.010067172812644,257.1799711628555,4.039600000000007,2513,102,0.028390062208155244,0.04058893752487067,3.2685435112684127,3.0966153774281175
13.510067172812644,37.179971162855495,4.039600000000007,464,14,0.05807798954075046,0.03017241379310345,-2.6911108786290074,-2.96151411385316
13.510067172812644,47.179971162855495,4.039600000000007,724,58,0.056585755645136675,0.08011049723756906,2.128102897878853,2.036173412678755
13.510067172812644,52.179971162855495,4.039600000000007,481,40,0.05585322268008733,0.08316008316008316,2.0796130100232273,1.9735787333921213
13.510067172812644,67.1799711628555,-5.960399999999993,724,58,0.050573375250660677,0.08011049723756906,3.011199056268457,2.8244809157427886
13.510067172812644,72.1799711628555,-5.960399999999993,679,0,0.049914557728431536,0.0,-5.972651421500866,-8.338714636663948
13.510067172812644,72.1799711628555,4.039600000000007,662,39,0.05301143724706266,0.05891238670694864,0.3099998107095827,0.3076353002317024
13.510067172812644,77.1799711628555,-5.960399999999993,855,16,0.04926387727472106,0.01871345029239766,-4.213000976968034,-4.807817242035218
13.510067172812644,77.1799711628555,4.039600000000007,520,15,0.05232260949364992,0.028846153846153848,-2.5225750073285296,-2.756562611969705
13.510067172812644,82.1799711628555,-0.9603999999999928,1258,22,0.05245257419502087,0.017488076311605722,-5.659341552955604,-6.5456930338791155
13.510067172812644,82.1799711628555,4.039600000000007,673,83,0.05164224422720966,0.12332838038632987,7.224253068651015,6.3272991551761475
13.510067172812644,87.1799711628555,-0.9603999999999928,956,62,0.0517706112829524,0.06485355648535565,1.3152090036301032,1.2811368758846715
13.510067172812644,87.1799711628555,4.039600000000007,746,182,0.05097025010802239,0.24396782841823056,20.104535694215418,15.582910399840381
13.510067172812644,92.1799711628555,-0.9603999999999928,1784,93,0.05109703678785723,0.052130044843049325,-0.3049463471377518,-0.3064239717565479
13.510067172812644,92.1799711628555,4.039600000000007,714,161,0.05030653645418639,0.22549019607843138,18.09298685871246,14.174155003788362
13.510067172812644,97.1799711628555,-0.9603999999999928,1046,159,0.050431759902756036,0.15200764818355642,12.931064312381608,10.866421177627833
13.510067172812644,97.1799711628555,4.039600000000007,2415,32,0.049651013245913866,0.013250517598343685,-8.328775716925241,-9.84924361840398
13.510067172812644,102.1799711628555,-0.9603999999999928,537,54,0.049774690481993816,0.1005586592178771,4.649715168181513,4.186509513861378
13.510067172812644,102.1799711628555,4.039600000000007,854,27,0.049003591129508826,0.03161592505854801,-2.5239269708290735,-2.7035368993574727
13.510067172812644,107.1799711628555,-0.9603999999999928,773,71,0.04912573904527704,0.09184993531694696,4.704266847844564,4.290306618363585
13.510067172812644,107.1799711628555,4.039600000000007,2083,54,0.048364181421033346,0.025924147863658185,-4.976511761928809,-5.457603882879805
13.510067172812644,117.1799711628555,-0.9603999999999928,463,0,0.04785183555165806,0.0,-4.823780405253422,-6.738401842728335
13.510067172812644,122.1799711628555,-0.9603999999999928,501,0,0.04722670789298535,0.0,-4.983310085652545,-6.962402521580597
13.510067172812644,142.17997116285548,4.039600000000007,992,6,0.04410535350215738,0.006048387096774193,-5.860889523469551,-7.322276689002145
13.510067172812644,147.17997116285548,4.039600000000007,654,94,0.043526931783351167,0.1437308868501529,11.010273824238388,9.048813148180749
13.510067172812644,157.17997116285548,4.039600000000007,862,42,0.042391741055997655,0.048723897911832945,0.6071236188824738,0.5981988666757744
13.510067172812644,167.17997116285548,4.039600000000007,1525,50,0.04128487841752104,0.03278688524590164,-1.9028118759711434,-1.9807820695225415
13.510067172812644,187.17997116285548,-0.9603999999999928,758,17,0.039776171446694576,0.022427440633245383,-2.541351340817577,-2.769992734619922
13.510067172812644,192.17997116285548,-0.9603999999999928,781,321,0.03925219360834344,0.41101152368758004,43.08413230337257,28.48693644985084
13.510067172812644,197.17997116285548,-0.9603999999999928,858,7,0.03873483977313522,0.008158508158508158,-4.670438948640636,-5.650319372302263
13.510067172812644,202.17997116285548,-0.9603999999999928,871,73,0.03822403349930818,0.08381171067738231,6.266563592398879,5.5284637477350955
13.510067172812644,207.17997116285548,-0.9603999999999928,907,95,0.03771969903546574,0.10474090407938258,9.48558611401503,8.010971114524937
13.510067172812644,212.17997116285548,-0.9603999999999928,1837,412,0.03722176131957056,0.22427871529667937,36.567816591561595,26.62864615814812
13.510067172812644,217.17997116285548,-0.9603999999999928,2285,67,0.03673014597776761,0.029321663019693654,-2.1254859312374372,-2.21023165193612
13.510067172812644,217.17997116285548,4.039600000000007,629,245,0.0361534413335103,0.38950715421303655,38.669074498825886,25.221110831501022
13.510067172812644,222.17997116285548,-0.9603999999999928,3421,295,0.036244779323044846,0.08623209587839813,14.07111717669359,12.21622140362912
13.510067172812644,222.17997116285548,4.039600000000007,1067,74,0.035675413239627043,0.06935332708528585,5.314123435525245,4.784185053495565
13.510067172812644,227.17997116285548,-0.9603999999999928,4091,222,0.03576558835373581,0.0542654607675385,5.554574652947182,5.221589920783404
13.510067172812644,227.17997116285548,4.039600000000007,1127,28,0.035203474876992095,0.024844720496894408,-2.0213082274783423,-2.1384668508816747
13.510067172812644,232.17997116285548,-0.9603999999999928,3600,291,0.03529250075186865,0.08083333333333333,13.351770985084386,11.666176584030017
13.510067172812644,232.17997116285548,4.039600000000007,1605,182,0.03473755473861983,0.1133956386292835,15.492498585752138,12.658017701034987
13.510067172812644,237.17997116285548,-0.9603999999999928,723,97,0.0348254448813694,0.13416320885200553,13.036820935963236,10.316824280863337
13.510067172812644,237.17997116285548,4.039600000000007,4765,135,0.03427758199709917,0.02833158447009444,-2.5879740497312946,-2.6771842234807157
13.510067172812644,242.17997116285548,4.039600000000007,6438,506,0.03382348650249028,0.07859583721652687,17.998438514664105,15.670400301953142
13.510067172812644,247.17997116285548,4.039600000000007,5657,127,0.033375198780091445,0.022450061870249248,-4.834662499081183,-5.148407795307775
13.510067172812644,252.17997116285548,4.039600000000007,2749,96,0.03293265002807881,0.03492178974172426,0.24232122810629111,0.2413706140682101
14.010067172812644,42.179971162855495,4.039600000000007,519,129,0.06680601040136361,0.24855491329479767,13.484932093566753,11.092940336408901
14.010067172812644,52.179971162855495,-5.960399999999993,769,33,0.06094777313515376,0.04291287386215865,-2.343919210897355,-2.482696087482098
14.010067172812644,52.179971162855495,-0.9603999999999928,547,16,0.06680422833697464,0.029250457038391225,-3.6477737928108764,-4.09244031834743
14.010067172812644,62.179971162855495,4.039600000000007,1056,62,0.06344439971792193,0.058712121212121215,-1.095741029624755,-1.118410845697262
14.010067172812644,67.1799711628555,-5.960399999999993,814,95,0.058619916308628076,0.1167076167076167,5.889792028924449,5.3384242291266935
14.010067172812644,67.1799711628555,4.039600000000007,1471,249,0.06262897221128665,0.16927260367097213,14.059420654178721,12.143977819546077
14.010067172812644,72.1799711628555,4.039600000000007,945,219,0.061823333269083916,0.23174603174603176,17.89507452901967,14.633489908826686
14.010067172812644,77.1799711628555,-0.9603999999999928,568,51,0.06262729409257095,0.0897887323943662,2.029432925322287,1.941224505546201
14.010067172812644,82.1799711628555,-0.9603999999999928,800,54,0.06182167531345185,0.0675,0.17111528445174534,0.17051342853202667
14.010067172812644,82.1799711628555,4.039600000000007,795,154,0.0602410224513331,0.19371069182389938,13.21076939089872,11.066382686527659
14.010067172812644,87.1799711628555,-5.960399999999993,879,5,0.05564565933695976,0.005688282138794084,-6.483689811960027,-8.235160855647818
14.010067172812644,87.1799711628555,-0.9603999999999928,1410,372,0.06102574509572772,0.26382978723404255,26.051614521243934,20.791613134482773
14.010067172812644,107.1799711628555,-0.9603999999999928,1105,55,0.05793693376676338,0.049773755656108594,-1.5341104491133903,-1.5814322073262614
14.010067172812644,112.1799711628555,-0.9603999999999928,680,41,0.057187969391022137,0.060294117647058824,-0.03729399116143856,-0.0373269964117957
14.010067172812644,132.17997116285548,4.039600000000007,550,12,0.0528834276329916,0.02181818181818182,-3.339996124883559,-3.7759977938349865
14.510067172812644,47.179971162855495,4.039600000000007,641,179,0.07824179409237182,0.2792511700468019,14.933612884433389,12.491712329197858
14.510067172812644,52.179971162855495,4.039600000000007,1397,262,0.07725186858883891,0.1875447387258411,12.307331345323279,10.91193917195371
14.510067172812644,57.179971162855495,-5.960399999999993,589,12,0.07096804228246466,0.02037351443123939,-4.86936034427025,-5.702666830404456
14.510067172812644,57.179971162855495,4.039600000000007,980,168,0.07627343136511389,0.17142857142857143,8.944014693724078,8.020559925321495
14.510067172812644,62.179971162855495,4.039600000000007,791,33,0.07530637522529475,0.041719342604298354,-3.8353446863912852,-4.185887303721462
14.510067172812644,67.1799711628555,-5.960399999999993,1332,87,0.06916893695321431,0.06531531531531531,-1.166596819962559,-1.188100976138483
14.510067172812644,72.1799711628555,-5.960399999999993,522,259,0.06828529853856616,0.49616858237547895,29.176864812863837,21.72113451728944
14.510067172812644,72.1799711628555,4.039600000000007,691,11,0.07340597910744844,0.015918958031837915,-5.865543632175989,-7.040048105296039
14.510067172812644,77.1799711628555,-0.9603999999999928,1282,42,0.0751692531621068,0.0327613104524181,-5.995901999831519,-6.726061168676747
14.510067172812644,77.1799711628555,4.039600000000007,492,61,0.07247242648474768,0.12398373983739837,3.4316765425212234,3.2043318564931402
14.510067172812644,82.1799711628555,4.039600000000007,935,61,0.07154982969087896,0.06524064171122995,-1.2617918900979552,-1.2916130019845804
14.510067172812644,87.1799711628555,4.039600000000007,995,10,0.07063808337990685,0.010050251256281407,-7.508838839376887,-9.31031177141448
14.510067172812644,92.1799711628555,-0.9603999999999928,761,102,0.07234006094349421,0.1340341655716163,5.199751689140939,4.795694672518101
14.510067172812644,92.1799711628555,4.039600000000007,803,83,0.06973708262531174,0.10336239103362391,2.7980106201927075,2.6681781084763587
14.510067172812644,112.1799711628555,-0.9603999999999928,1042,15,0.06872048884429094,0.014395393474088292,-7.007852053610317,-8.44174227464386
14.510067172812644,117.1799711628555,-0.9603999999999928,541,0,0.06784216184207952,0.0,-6.274855714212101,-8.718593957085737
14.510067172812644,117.1799711628555,4.039600000000007,581,82,0.065389620994891,0.14113597246127366,6.07135645484419,5.449020540560152
15.010067172812644,37.179971162855495,4.039600000000007,836,139,0.09649027400568115,0.16626794258373206,4.872461587302563,4.583004413921894
15.010067172812644,52.179971162855495,-5.960399999999993,659,143,0.08597519540003315,0.21699544764795145,9.327385926012207,8.262394134515878
15.010067172812644,62.179971162855495,-5.960399999999993,492,143,0.08382997386604137,0.29065040650406504,12.854252308811125,10.849388169453494
15.010067172812644,67.1799711628555,4.039600000000007,493,38,0.08950596854264754,0.07707910750507099,-1.4483544702215172,-1.496231518921268
15.010067172812644,72.1799711628555,4.039600000000007,594,167,0.08838719302856443,0.28114478114478114,12.736954567750441,10.9243513045431
15.010067172812644,77.1799711628555,4.039600000000007,468,94,0.08728106106389462,0.20085470085470086,6.717599327699992,6.036630038096074
15.010067172812644,82.1799711628555,4.039600000000007,467,65,0.08618746316371144,0.139186295503212,2.958169891010601,2.799005605274363
15.010067172812644,87.1799711628555,4.039600000000007,980,234,0.08510628994819981,0.23877551020408164,13.441162632285327,11.71515107969356
15.010067172812644,92.1799711628555,4.039600000000007,596,46,0.08403743216742758,0.07718120805369127,-1.1311893958013393,-1.1581673263231032
15.010067172812644,102.1799711628555,4.039600000000007,480,5,0.08193622670370339,0.010416666666666666,-5.751391252392458,-7.168796227393042
15.510067172812644,52.179971162855495,-0.9603999999999928,590,6,0.1194808977322681,0.010169491525423728,-8.235245244036047,-10.417366843272461
15.510067172812644,57.179971162855495,4.039600000000007,871,126,0.11148813934882744,0.1446613088404133,1.493913451641198,1.4664091619040673
15.510067172812644,77.1799711628555,-0.9603999999999928,739,67,0.11240708289013963,0.09066305818673884,-2.6317384869419636,-2.74483468166885
15.510067172812644,82.1799711628555,4.039600000000007,488,26,0.10483119401970663,0.05327868852459016,-4.01479933466833,-4.4192170279663205
15.510067172812644,87.1799711628555,4.039600000000007,1000,243,0.1035426457109696,0.243,10.640765892827034,9.614094857356372
15.510067172812644,122.1799711628555,-0.9603999999999928,844,20,0.10059396468543254,0.023696682464454975,-7.568171639326995,-8.981225414124497
16.010067172812644,87.1799711628555,4.039600000000007,721,127,0.1266053453361058,0.17614424410540916,2.0280693308128357,1.9790815971943019
16.010067172812644,92.1799711628555,4.039600000000007,1475,404,0.12508655553949843,0.2738983050847458,11.782534510256152,10.850670913152253
16.010067172812644,137.17997116285548,-0.9603999999999928,941,63,0.1200266077509915,0.0669500531349628,-5.584421119653639,-6.079306390121694
16.510067172812644,57.179971162855495,-0.9603999999999928,781,21,0.17876864255193226,0.026888604353393086,-11.277635205681285,-13.620297253403749
16.510067172812644,72.1799711628555,4.039600000000007,631,125,0.1603115489367176,0.19809825673534073,0.377130500273184,0.3755565264696459
16.510067172812644,77.1799711628555,4.039600000000007,780,256,0.15846177269316158,0.3282051282051282,7.813085357199129,7.337897910326662
16.510067172812644,82.1799711628555,4.039600000000007,1029,171,0.15662935900647765,0.1661807580174927,-1.3466888318975865,-1.3638854239014646
16.510067172812644,152.17997116285548,-0.9603999999999928,551,99,0.14343714804326377,0.17967332123411978,0.6452031916808436,0.6398148141882847
16.510067172812644,182.17997116285548,4.039600000000007,451,29,0.12350505318594915,0.06430155210643015,-4.201002764728387,-4.6068469876244755
17.010067172812644,87.1799711628555,4.039600000000007,2138,432,0.18838721855372986,0.20205799812909261,-2.631058444079053,-2.6692884181553556
17.010067172812644,162.17997116285548,-0.9603999999999928,602,38,0.1728427648631469,0.06312292358803986,-7.59176660725348,-8.577132630601165
17.010067172812644,167.17997116285548,-0.9603999999999928,904,27,0.1708778204171995,0.029867256637168143,-11.5009561126469,-13.777245987306141
17.010067172812644,177.17997116285548,-0.9603999999999928,706,57,0.16700120277935684,0.08073654390934844,-6.835394614231301,-7.527667650440928
17.010067172812644,182.17997116285548,4.039600000000007,691,101,0.15150543373378061,0.14616497829232997,-1.8822461352782938,-1.926226952535022
17.010067172812644,187.17997116285548,4.039600000000007,1178,76,0.14973914812252564,0.06451612903225806,-8.845939156856339,-9.868624400144
17.010067172812644,192.17997116285548,4.039600000000007,1218,124,0.1479898627743934,0.10180623973727422,-5.735062462573243,-6.095573237755846
17.010067172812644,197.17997116285548,4.039600000000007,1263,138,0.14625749774359326,0.10926365795724466,-5.058577106467496,-5.327762898520708
17.010067172812644,202.17997116285548,4.039600000000007,1311,357,0.14454197142948735,0.2723112128146453,8.070566673066217,7.625376696491183
17.010067172812644,207.17997116285548,4.039600000000007,1368,88,0.1428432006316552,0.06432748538011696,-8.98601545134624,-9.988128278887304
17.010067172812644,212.17997116285548,4.039600000000007,1430,0,0.14116110060442774,0.0,-15.330971746488553,-20.861864925848668
17.010067172812644,217.17997116285548,4.039600000000007,1500,50,0.13949558511085833,0.03333333333333333,-12.185850071063301,-14.349691352204184
17.010067172812644,222.17997116285548,4.039600000000007,1578,142,0.13784656647612287,0.08998732572877059,-6.65132546652019,-7.111601931025466
17.010067172812644,227.17997116285548,4.039600000000007,1078,58,0.13621395564032832,0.05380333951762523,-8.367558833758029,-9.427936035449218
17.010067172812644,232.17997116285548,4.039600000000007,1056,187,0.13459766221070862,0.17708333333333334,1.6367975449487582,1.6110100740587565
17.010067172812644,237.17997116285548,4.039600000000007,1121,209,0.13299759451320353,0.1864406779661017,2.593138480327594,2.5315785056728104
17.010067172812644,242.17997116285548,4.039600000000007,1196,140,0.1314136596433938,0.11705685618729098,-2.8802977927906457,-2.9711936998657458
17.010067172812644,247.17997116285548,4.039600000000007,1289,107,0.12984576351678992,0.08301008533747091,-5.91326888601362,-6.3383081217370325
17.010067172812644,252.17997116285548,4.039600000000007,1413,155,0.12829381091845468,0.10969568294409059,-3.486173751798692,-3.6131281864802864
17.010067172812644,257.1799711628555,4.039600000000007,1595,474,0.12675770555195612,0.29717868338557996,13.991511237661808,12.784983839054886
17.010067172812644,262.1799711628555,4.039600000000007,1044,345,0.12523735008762346,0.33045977011494254,13.865898737416485,12.47725664658595
17.010067172812644,267.1799711628555,4.039600000000007,524,18,0.1237326462101264,0.03435114503816794,-6.400218848654352,-7.46184623066756
17.510067172812644,82.1799711628555,4.039600000000007,538,245,0.2294996937889335,0.45539033457249073,5.5496603951563594,5.350174955104053
17.510067172812644,127.17997116285548,4.039600000000007,497,24,0.20826846509167993,0.0482897384305835,-9.117537656057348,-10.622323499699398
17.510067172812644,132.17997116285548,4.039600000000007,510,155,0.2060010869127142,0.30392156862745096,1.7267948723657984,1.7004415016670913
17.510067172812644,137.17997116285548,4.039600000000007,524,202,0.20375204068298725,0.38549618320610685,4.98265993364609,4.79019847171408
17.510067172812644,142.17997116285548,4.039600000000007,540,219,0.2015213167232401,0.40555555555555556,5.976253423810684,5.709193291899183
17.510067172812644,147.17997116285548,4.039600000000007,554,340,0.19930890204743837,0.6137184115523465,13.54758224406663,12.46745550948366
17.510067172812644,152.17997116285548,4.039600000000007,570,330,0.19711478042067423,0.5789473684210527,12.786084008492885,11.798950280734134
17.510067172812644,157.17997116285548,4.039600000000007,587,197,0.194938932417504,0.33560477001703576,3.981849022603237,3.8538333975133194
17.510067172812644,162.17997116285548,4.039600000000007,605,130,0.19278133548068513,0.21487603305785125,-1.0934571968808957,-1.1053750263807984
17.510067172812644,167.17997116285548,4.039600000000007,501,148,0.19064196398026004,0.2954091816367265,2.42564952715979,2.370108053228938
17.510067172812644,172.17997116285548,4.039600000000007,642,188,0.18852078927293278,0.29283489096573206,2.797921580378056,2.731974506269595
17.510067172812644,177.17997116285548,4.039600000000007,566,126,0.1864177797617067,0.2226148409893993,-0.29294328660816293,-0.2938285675906948
17.510067172812644,192.17997116285548,-0.9603999999999928,601,213,0.19762328683345082,0.3544093178036606,4.588872563194545,4.426759438241264
17.510067172812644,197.17997116285548,-0.9603999999999928,550,198,0.19544319207563077,0.36,4.777069113396189,4.593836458143571
17.510067172812644,202.17997116285548,-0.9603999999999928,567,154,0.19328135390509227,0.2716049382716049,1.3811483419108193,1.3636223588399443
17.510067172812644,207.17997116285548,-0.9603999999999928,778,10,0.19113774740100048,0.012853470437017995,-12.739805512778192,-15.998545625247981
17.510067172812644,212.17997116285548,-0.9603999999999928,933,23,0.18901234461535593,0.02465166130760986,-13.026836971747056,-15.832518743915275
17.510067172812644,217.17997116285548,-0.9603999999999928,495,58,0.18690511463256995,0.11717171717171718,-4.947834707005872,-5.303385995224926
17.510067172812644,227.17997116285548,4.039600000000007,588,46,0.16637782734178033,0.0782312925170068,-6.343367064209596,-7.005132770400014
17.510067172812644,232.17997116285548,4.039600000000007,710,158,0.1644717649265078,0.22253521126760564,1.3952638567909947,1.3762476619885267
17.510067172812644,237.17997116285548,4.039600000000007,760,136,0.1625832800158861,0.17894736842105263,-0.8759334409745654,-0.8839923020858381
17.510067172812644,242.17997116285548,4.039600000000007,824,172,0.16071230807829875,0.2087378640776699,1.029320157227521,1.0193192550660624
17.510067172812644,247.17997116285548,4.039600000000007,904,65,0.15885878246631777,0.07190265486725664,-7.815677806134768,-8.66945322012489
17.510067172812644,252.17997116285548,4.039600000000007,1009,159,0.15702263447527456,0.15758176412289396,-1.9625588720865088,-2.0002808769032643
17.510067172812644,257.1799711628555,4.039600000000007,1167,160,0.1552037934014926,0.13710368466152528,-3.483968867654242,-3.6019430374330694
17.510067172812644,262.1799711628555,4.039600000000007,2361,717,0.1534021866001346,0.3036848792884371,12.245388109581498,11.538256243086506
17.510067172812644,267.1799711628555,4.039600000000007,6428,1699,0.1516177395426725,0.26431238332296203,14.437678505828293,13.795417474229971
17.510067172812644,277.1799711628555,4.039600000000007,587,96,0.14810001746856985,0.1635434412265758,-0.5550344461101266,-0.559018885911327
17.510067172812644,282.1799711628555,4.039600000000007,631,7,0.14636658448741136,0.011093502377179081,-9.675104043818898,-12.227914665780013
17.510067172812644,287.1799711628555,4.039600000000007,684,5,0.14464999543284005,0.007309941520467836,-10.252821461267885,-13.185417748131044
17.510067172812644,292.1799711628555,4.039600000000007,754,0,0.14295016720401615,0.0,-11.21437228956032,-15.251980031961045
17.510067172812644,297.1799711628555,4.039600000000007,843,72,0.14126701515141374,0.08540925266903915,-5.4348326215197345,-5.859286052768255
17.510067172812644,302.1799711628555,4.039600000000007,969,139,0.13960045313083394,0.1434468524251806,-1.358963979985484,-1.3791166563210817
17.510067172812644,307.1799711628555,4.039600000000007,1144,77,0.1379503935568399,0.0673076923076923,-7.588196710765534,-8.369752369100002
17.510067172812644,312.1799711628555,4.039600000000007,1432,10,0.13631674745560116,0.006983240223463687,-14.318727180866357,-18.444994627987388
17.510067172812644,317.1799711628555,4.039600000000007,2041,113,0.1346994245171346,0.05536501714845664,-11.17979143854809,-12.54978119048249
17.510067172812644,322.1799711628555,4.039600000000007,3065,29,0.13309833314691502,0.009461663947797716,-20.260382002953126,-25.766838744720005
18.010067172812644,12.179971162855493,4.039600000000007,556,23,0.2597603842636591,0.04136690647482014,-12.074296294639078,-14.248349352173527
18.010067172812644,127.17997116285548,-0.9603999999999928,516,400,0.2243992276060118,0.7751937984496124,15.400368123807546,14.233614886752298
18.010067172812644,132.17997116285548,-0.9603999999999928,573,454,0.22200547957359076,0.7923211169284468,16.968904952905504,15.632362629294102
18.010067172812644,137.17997116285548,-0.9603999999999928,653,294,0.21963003567621572,0.450229709035222,6.75117892288675,6.473340206941842
18.010067172812644,212.17997116285548,-5.960399999999993,633,378,0.15054027903510925,0.5971563981042654,19.859022703663022,17.364686764993778
18.010067172812644,217.17997116285548,-5.960399999999993,702,357,0.14878327238742448,0.5085470085470085,17.221220312044586,15.26148261700753
18.010067172812644,222.17997116285548,-5.960399999999993,762,351,0.14704322262204028,0.46062992125984253,15.856195291477391,14.163989685421283
18.010067172812644,227.17997116285548,-5.960399999999993,2713,349,0.14532004888402597,0.1286398820493918,-4.921169560429982,-5.084142604810854
18.010067172812644,232.17997116285548,-5.960399999999993,940,166,0.14361366869369072,0.17659574468085107,0.6141886110519642,0.6104219745831206
18.010067172812644,237.17997116285548,-5.960399999999993,2913,200,0.14192399800136432,0.06865774116031582,-12.419177465561901,-13.705909403311871
18.010067172812644,237.17997116285548,4.039600000000007,463,36,0.1586249858474393,0.07775377969762419,-5.2879684065906085,-5.819941088689028
18.010067172812644,242.17997116285548,-5.960399999999993,1993,356,0.1402509512416235,0.17862518815855494,1.57758471607618,1.5604623567710916
18.010067172812644,242.17997116285548,4.039600000000007,481,23,0.15679103644589978,0.04781704781704782,-6.863101282165026,-7.896252533643345
18.010067172812644,247.17997116285548,-5.960399999999993,2937,526,0.13859444138695765,0.1790943139257746,2.264657829658363,2.2355057353581147
18.010067172812644,247.17997116285548,4.039600000000007,499,6,0.15497438485603385,0.012024048096192385,-8.88586636502705,-11.19390416553405
18.010067172812644,252.17997116285548,-5.960399999999993,5436,442,0.13695438000084426,0.08130978660779985,-13.772359314687561,-14.879795030802937
18.010067172812644,252.17997116285548,4.039600000000007,519,0,0.15317495819096866,0.0,-9.689039312791202,-13.136936182200756
18.010067172812644,257.1799711628555,4.039600000000007,540,60,0.15139268168739325,0.1111111111111111,-3.5121340031329686,-3.7063789861032483
18.010067172812644,262.1799711628555,4.039600000000007,562,31,0.14962747876252766,0.05516014234875445,-6.645950676579589,-7.525231882388018
18.010067172812644,267.1799711628555,4.039600000000007,585,18,0.1478792710706608,0.03076923076923077,-8.164722326682503,-9.704004018853787
18.010067172812644,272.1799711628555,4.039600000000007,611,0,0.14614797855918976,0.0,-10.226468996946066,-13.895063690015482
18.010067172812644,277.1799711628555,4.039600000000007,639,15,0.14443351952417935,0.023474178403755867,-8.838858776251131,-10.70047531166629
18.010067172812644,282.1799711628555,4.039600000000007,671,33,0.14273581066539484,0.04918032786885246,-7.271158519261692,-8.292174897732206
18.010067172812644,287.1799711628555,4.039600000000007,708,0,0.14105476714079726,0.0,-10.78270630312115,-14.673205651719588
18.010067172812644,292.1799711628555,4.039600000000007,754,27,0.13939030262048435,0.03580901856763926,-8.457599674687556,-9.900831970982908
18.010067172812644,297.1799711628555,4.039600000000007,810,61,0.13774232934004776,0.07530864197530865,-5.798238671398208,-6.319873776118024
18.010067172812644,302.1799711628555,4.039600000000007,890,14,0.136110758153345,0.015730337078651686,-10.576520093113682,-13.106998416317184
18.010067172812644,307.1799711628555,4.039600000000007,1007,187,0.1344954985846584,0.18570009930486595,2.2403545116228734,2.1919608702719935
18.010067172812644,312.1799711628555,4.039600000000007,1209,241,0.13289645888023002,0.19933829611248965,3.736561680692212,3.6173246168531024
18.010067172812644,317.1799711628555,4.039600000000007,1710,53,0.1313135460591616,0.030994152046783626,-12.587510381104993,-14.858536722290298
18.010067172812644,322.1799711628555,4.039600000000007,2524,73,0.12974666596365517,0.028922345483359747,-15.414100331178986,-18.283665450597734
18.510067172812644,142.17997116285548,-0.9603999999999928,606,503,0.2591144939679937,0.83003300330033,14.779040119941358,13.937636792029524
18.510067172812644,147.17997116285548,-0.9603999999999928,995,570,0.25647288179066213,0.5728643216080402,9.7607373640328,9.396717393240529
18.510067172812644,152.17997116285548,-0.9603999999999928,1265,276,0.25384897302016357,0.21818181818181817,-6.741855777523323,-7.000887928230222
18.510067172812644,182.17997116285548,-5.960399999999993,481,0,0.1926929515215429,0.0,-10.714849628057127,-14.34981728199617
18.510067172812644,187.17997116285548,-5.960399999999993,499,102,0.1905543293152127,0.20440881763527055,-1.300688051309765,-1.3198089931956376
18.510067172812644,192.17997116285548,-5.960399999999993,520,363,0.18843390265977558,0.698076923076923,16.919600637898917,15.258012161664288
18.510067172812644,197.17997116285548,-5.960399999999993,546,306,0.1863316398379834,0.5604395604395604,12.955525929209818,11.869230659080081
18.510067172812644,202.17997116285548,-5.960399999999993,577,150,0.18424750624119293,0.25996533795493937,1.535619558262425,1.5131281709851503
18.510067172812644,207.17997116285548,-5.960399999999993,611,113,0.18218146442937133,0.18494271685761046,-1.8196912664903258,-1.8559221838674902
19.010067172812644,12.179971162855493,-45.96039999999999,827,10,0.045321195367757604,0.012091898428053204,-4.641823277099571,-5.4925259050695665
19.010067172812644,12.179971162855493,29.039600000000007,481,10,0.11431939846210754,0.02079002079002079,-6.542623670013277,-7.9049853161257
19.010067172812644,152.17997116285548,-0.9603999999999928,782,492,0.2970799354481326,0.629156010230179,6.95983043037266,6.791072509632682
19.010067172812644,152.17997116285548,4.039600000000007,820,312,0.2680521886158447,0.3804878048780488,0.5747122926611942,0.5730251107345119
19.010067172812644,157.17997116285548,-0.9603999999999928,1269,885,0.2942049711595435,0.6973995271867612,11.881604175646865,11.516055161876038
19.010067172812644,157.17997116285548,4.039600000000007,873,674,0.2653520930128537,0.7720504009163803,15.173476469303566,14.417495347055342
19.010067172812644,172.17997116285548,-0.9603999999999928,450,18,0.2856783446390824,0.04,-11.83900896510304,-13.974748901610718
19.510067172812644,147.17997116285548,4.039600000000007,1049,566,0.31021253973998647,0.5395614871306006,3.496913239842238,3.4585492680196808
19.510067172812644,152.17997116285548,4.039600000000007,1024,430,0.3072660402771861,0.419921875,-0.9529634344220813,-0.9563597274988819
20.010067172812644,132.17997116285548,4.039600000000007,639,544,0.3575683602684841,0.8513302034428795,7.339862076136491,7.217325234510869
20.010067172812644,137.17997116285548,4.039600000000007,717,396,0.35440316129310656,0.5523012552301255,0.09708525067359083,0.09705667466158974
20.510067172812644,17.179971162855495,4.039600000000007,664,174,0.4701907673352432,0.2620481927710843,-15.22800711362296,-15.814128847272041
20.510067172812644,117.1799711628555,-0.9603999999999928,451,409,0.44178048948298115,0.9068736141906873,1.996051734618861,1.9915367795966827
20.510067172812644,122.1799711628555,4.039600000000007,546,476,0.3990777465356804,0.8717948717948718,4.352662462263394,4.319268700477885
20.510067172812644,127.17997116285548,4.039600000000007,478,278,0.39577146921690176,0.5815899581589958,-1.5769513158330994,-1.5838873157425655
21.010067172812644,112.1799711628555,4.039600000000007,487,392,0.4358564886587581,0.8049281314168378,0.6041669113807053,0.6036580059802988
21.510067172812644,102.1799711628555,4.039600000000007,451,375,0.4665228129386737,0.8314855875831486,-0.7217145461823607,-0.7221585745929878
22.510067172812644,87.1799711628555,4.039600000000007,710,201,0.5028707173837915,0.2830985915492958,-17.037495608510724,-17.529880497180983
22.510067172812644,97.1799711628555,-0.9603999999999928,492,254,0.5368457295490651,0.516260162601626,-10.755777984649061,-10.792443683929994
23.010067172812644,27.179971162855495,-30.960399999999993,2501,77,0.17700116339968003,0.03078768492602959,-19.573298486680503,-23.42419632722763
23.010067172812644,197.17997116285548,-0.9603999999999928,622,582,0.46856286064773306,0.9356913183279743,1.0309148079791448,1.030348176778918
23.010067172812644,202.17997116285548,-0.9603999999999928,1200,1001,0.4651264940631589,0.8341666666666666,-0.97192900445924,-0.9724337128384051
23.010067172812644,207.17997116285548,-0.9603999999999928,1350,1256,0.461693434859544,0.9303703703703704,2.0757560127638657,2.0738841077235266
23.010067172812644,212.17997116285548,-0.9603999999999928,1499,1405,0.4582640049574862,0.9372915276851234,2.7635139543247433,2.7601719389233645
23.010067172812644,217.17997116285548,-0.9603999999999928,459,446,0.454838524906325,0.971677559912854,2.294448865135936,2.2902875551668025
23.510067172812644,92.1799711628555,4.039600000000007,450,280,0.49473766543316283,0.6222222222222222,-6.007954141313847,-6.037980787853295
23.510067172812644,157.17997116285548,4.039600000000007,463,450,0.45003455185459323,0.9719222462203023,2.602289825214514,2.5964247400714764
23.510067172812644,162.17997116285548,4.039600000000007,596,543,0.4466198722849234,0.9110738255033557,2.044330083700248,2.0405393498260085
23.510067172812644,167.17997116285548,4.039600000000007,633,442,0.4432102220181587,0.69826224328594,-2.1151781267007754,-2.121156215796894
23.510067172812644,172.17997116285548,4.039600000000007,672,391,0.4398059141686668,0.5818452380952381,-4.72794813870665,-4.764741421788638
23.510067172812644,177.17997116285548,4.039600000000007,724,488,0.436407259853772,0.6740331491712708,-2.370364070958727,-2.3782470494722387
23.510067172812644,182.17997116285548,4.039600000000007,786,588,0.43301456808259936,0.7480916030534351,-0.37905696470989136,-0.3792351568372793
23.510067172812644,187.17997116285548,4.039600000000007,857,733,0.4296281456465848,0.8553092182030338,2.527553770426429,2.520850220550763
23.510067172812644,192.17997116285548,-0.9603999999999928,644,542,0.4645406276192441,0.8416149068322981,-0.5208010337711425,-0.5209978030055693
23.510067172812644,217.17997116285548,-0.9603999999999928,1168,1076,0.4474183496034875,0.9212328767123288,3.0565046994485217,3.050639323723005
23.510067172812644,222.17997116285548,-0.9603999999999928,1763,1620,0.44400749452416594,0.9188882586500283,4.080530210832962,4.071496240668311
23.510067172812644,227.17997116285548,-0.9603999999999928,2141,1745,0.4406019087790618,0.8150397010742644,1.0605142343071263,1.059821394970882
23.510067172812644,232.17997116285548,-0.9603999999999928,3648,2783,0.4372019039627554,0.7628837719298246,-0.720110224186811,-0.7203882101318692
23.510067172812644,237.17997116285548,-5.960399999999993,1192,850,0.36091486612331986,0.7130872483221476,5.207320960601024,5.156360630227115
23.510067172812644,237.17997116285548,-0.9603999999999928,1628,1314,0.43380778958749433,0.8071253071253072,1.4038508797387323,1.402315735385885
24.010067172812644,147.17997116285548,4.039600000000007,516,501,0.4431716895057263,0.9709302325581395,3.1747711529955662,3.1654025815891265
24.010067172812644,152.17997116285548,4.039600000000007,538,508,0.43976744386103384,0.9442379182156134,2.9902611888432755,2.981269307934977
24.010067172812644,237.17997116285548,-5.960399999999993,3583,2279,0.3491769138606426,0.6360591682947251,6.359817368621421,6.308765564822319
