lt,r,mlat,n_trials,n_success,p_predicted,p_observed,pearson_resid,deviance_resid
0.0100671728126428,137.17997116285548,4.039600000000007,472,469,0.44999590554468716,0.9936440677966102,2.9849912389161144,2.9776543480853066
0.0100671728126428,142.17997116285548,-0.9603999999999928,476,167,0.4835071218207779,0.35084033613445376,-11.355515385354655,-11.62412565558237
0.0100671728126428,147.17997116285548,-0.9603999999999928,497,65,0.4800601597048401,0.13078470824949698,-17.29116625474113,-18.518055111659752
0.0100671728126428,237.17997116285548,-5.960399999999993,4347,3626,0.34917691386065025,0.8341384863123994,19.781235030794182,19.415803090387946
0.5100671728126428,157.17997116285548,-0.9603999999999928,545,69,0.45007948792562974,0.12660550458715597,-16.819875717891744,-18.176330840150182
0.5100671728126428,162.17997116285548,-0.9603999999999928,573,322,0.4466647443136388,0.5619546247818499,-5.228623249228273,-5.275827354295022
0.5100671728126428,167.17997116285548,-0.9603999999999928,602,221,0.4432550258742101,0.36710963455149503,-10.090219595666136,-10.349288958038017
0.5100671728126428,172.17997116285548,-0.9603999999999928,638,221,0.4398506457472289,0.3463949843260188,-10.780347103357899,-11.088198647802882
0.5100671728126428,177.17997116285548,-0.9603999999999928,680,379,0.43645191507700304,0.5573529411764706,-5.15531388051186,-5.202158638652435
0.5100671728126428,182.17997116285548,-0.9603999999999928,728,333,0.43305914290109554,0.4574175824175824,-7.836228470336677,-7.964929659607701
0.5100671728126428,187.17997116285548,-0.9603999999999928,788,75,0.4296726360408111,0.09517766497461928,-20.341023814285723,-22.40492675285783
0.5100671728126428,192.17997116285548,-0.9603999999999928,866,219,0.4262926989934113,0.2528868360277136,-14.949757410993955,-15.633858776872042
0.5100671728126428,197.17997116285548,-0.9603999999999928,963,322,0.4229196338261559,0.3343717549325026,-12.504906228378317,-12.892881660581635
0.5100671728126428,202.17997116285548,-0.9603999999999928,1092,564,0.4195537400722205,0.5164835164835165,-6.512378879408339,-6.5851084865933105
0.5100671728126428,207.17997116285548,-0.9603999999999928,1265,603,0.4161953146285835,0.4766798418972332,-8.188554535511518,-8.305517832007439
0.5100671728126428,212.17997116285548,-0.9603999999999928,1480,704,0.41284465165594547,0.4756756756756757,-8.590266444571048,-8.71231976793939
0.5100671728126428,217.17997116285548,-5.960399999999993,1261,457,0.3435676212465684,0.36241078509119745,-6.769425799059946,-6.913697804705592
0.5100671728126428,217.17997116285548,-0.9603999999999928,468,150,0.40950204248073896,0.32051282051282054,-8.431606589685247,-8.71411475049263
0.5100671728126428,222.17997116285548,-5.960399999999993,1899,1682,0.34046067699608473,0.8857293312269615,16.321010481911756,15.942960620477805
0.5100671728126428,227.17997116285548,-5.960399999999993,2153,1360,0.33736738938526933,0.6316767301439852,6.238567214332943,6.170838966630185
0.5100671728126428,232.17997116285548,-5.960399999999993,3008,2189,0.334287961418453,0.7277260638297872,13.28236505540382,13.04369714287092
0.5100671728126428,237.17997116285548,-5.960399999999993,1188,1131,0.3312225916551818,0.952020202020202,16.011411169357697,15.552777308913218
1.0100671728126427,72.1799711628555,4.039600000000007,684,637,0.4453981386902197,0.9312865497076024,2.6920281371423247,2.6859880905740443
1.0100671728126427,92.1799711628555,4.039600000000007,459,215,0.43180101126488973,0.4684095860566449,-5.912690658892402,-6.004037855288326
1.5100671728126427,72.1799711628555,4.039600000000007,701,133,0.411301565718433,0.18972895863052783,-14.779590195621521,-15.724217355468323
1.5100671728126427,97.1799711628555,4.039600000000007,478,295,0.39469515024792173,0.6171548117154811,-0.7431658651196471,-0.7446441100861388
2.0100671728126427,62.179971162855495,-5.960399999999993,705,155,0.35071989314601687,0.2198581560283688,-10.477196742104343,-11.062154580176712
2.0100671728126427,62.179971162855495,4.039600000000007,477,351,0.3789289367130849,0.7358490566037735,2.6682390536549616,2.649872966479783
2.0100671728126427,67.1799711628555,9.039600000000007,463,446,0.32309207295763503,0.9632829373650108,10.802307737467963,10.455511213963373
2.0100671728126427,77.1799711628555,-0.9603999999999928,478,183,0.39517746134005344,0.38284518828451886,-6.2224909214444635,-6.369863631105359
2.0100671728126427,97.1799711628555,4.039600000000007,520,317,0.3564649840455469,0.6096153846153847,1.3451195508000855,1.339179255126161
2.5100671728126427,67.1799711628555,-0.9603999999999928,1016,156,0.35571782224877607,0.15354330708661418,-15.919211227450594,-17.21520514956366
2.5100671728126427,77.1799711628555,-5.960399999999993,549,45,0.3027911814361371,0.08196721311475409,-12.04287897613481,-13.594821024665414
2.5100671728126427,82.1799711628555,-10.960399999999993,1480,277,0.25725635356640797,0.18716216216216217,-9.55098546711541,-10.060255373625816
2.5100671728126427,102.1799711628555,4.039600000000007,804,188,0.3124491728092828,0.23383084577114427,-8.353767361745458,-8.747640462715081
3.0100671728126427,67.1799711628555,4.039600000000007,500,308,0.2902701813308047,0.616,5.693869605328944,5.546635437613346
3.0100671728126427,67.1799711628555,9.039600000000007,792,305,0.2522923697751627,0.3851010101010101,1.9627756991522824,1.941800938158756
3.0100671728126427,107.1799711628555,4.039600000000007,605,377,0.268053263109097,0.6231404958677685,8.196495375079929,7.896388338363512
3.0100671728126427,112.1799711628555,4.039600000000007,825,274,0.2653531606065184,0.3321212121212121,-1.2040169446222522,-1.2120287174337978
3.5100671728126427,52.179971162855495,-15.960399999999993,533,57,0.18072136132954353,0.10694183864915573,-5.3095685509113295,-5.725822554451939
3.5100671728126427,62.179971162855495,9.039600000000007,504,199,0.2195128431740693,0.3948412698412698,4.0714272041478745,3.9478126254555495
3.5100671728126427,62.179971162855495,49.03960000000001,618,132,0.0664266189598611,0.21359223300970873,12.050092765769064,10.14517259568812
3.5100671728126427,77.1799711628555,-0.9603999999999928,661,279,0.256337250931185,0.42208774583963693,2.841952233279493,2.7967875284306065
3.5100671728126427,82.1799711628555,-5.960399999999993,731,423,0.22257869949129977,0.5786593707250342,11.757424867037969,11.07298862134975
3.5100671728126427,117.1799711628555,4.039600000000007,674,319,0.22294703324982723,0.4732937685459941,7.442340357246393,7.122322887901158
3.5100671728126427,122.1799711628555,4.039600000000007,766,248,0.2205643709667593,0.3237597911227154,1.844088052587258,1.8213224495749756
4.010067172812643,57.179971162855495,4.039600000000007,480,270,0.2124778226693157,0.5625,9.876424435585019,9.251888526374422
4.010067172812643,72.1799711628555,4.039600000000007,964,783,0.20562972398464519,0.8122406639004149,25.085575095406966,22.7524628565162
4.010067172812643,132.17997116285548,-0.9603999999999928,461,12,0.18895035151997075,0.026030368763557483,-9.087913638067828,-11.009441436289524
4.010067172812643,137.17997116285548,-0.9603999999999928,602,138,0.18684365344411294,0.2292358803986711,-0.024926478690890524,-0.024932600930806483
4.010067172812643,142.17997116285548,-0.9603999999999928,657,230,0.18475509331358944,0.350076103500761,5.7206244721898765,5.469538607585376
4.510067172812643,62.179971162855495,-5.960399999999993,826,401,0.1623530226664373,0.4854721549636804,15.62150138242645,14.142407004720715
4.510067172812643,67.1799711628555,-5.960399999999993,678,158,0.1604841926754966,0.23303834808259588,2.2458738774237528,2.196055896392105
4.510067172812643,67.1799711628555,9.039600000000007,570,554,0.15415880718998307,0.9719298245614035,31.44852090679681,26.544363526850447
4.510067172812643,77.1799711628555,-0.9603999999999928,763,147,0.17486357768461638,0.1926605504587156,-1.0582277371143392,-1.0692094264610172
4.510067172812643,82.1799711628555,-5.960399999999993,1121,222,0.15498205298487283,0.19803746654772525,1.0450172032395855,1.0358224344460916
4.510067172812643,87.1799711628555,-5.960399999999993,759,91,0.15318255342420278,0.11989459815546773,-3.733656262142515,-3.9123056590124397
4.510067172812643,147.17997116285548,-0.9603999999999928,473,21,0.1487004954297975,0.04439746300211417,-6.633629727955646,-7.655802664673467
4.510067172812643,152.17997116285548,-0.9603999999999928,844,150,0.14696124661755558,0.17772511848341233,0.35120830945494963,0.34992342540634797
4.510067172812643,157.17997116285548,-0.9603999999999928,1033,0,0.14523886996330357,0.0,-13.248576234572209,-18.006222575285367
4.510067172812643,162.17997116285548,-0.9603999999999928,757,0,0.14353328291177916,0.0,-11.263386927184344,-15.315968440430407
5.010067172812643,47.179971162855495,-5.960399999999993,824,22,0.13840677315390387,0.02669902912621359,-9.467375102033788,-11.336603965644898
5.010067172812643,57.179971162855495,-5.960399999999993,890,353,0.13514673509676492,0.39662921348314606,15.349412859728288,13.714190392289215
5.010067172812643,62.179971162855495,-5.960399999999993,1269,547,0.13354114736856415,0.4310480693459417,21.005477415709354,18.547887570150362
5.010067172812643,67.1799711628555,-0.9603999999999928,581,176,0.14517450171248628,0.3029259896729776,6.820067633095995,6.3686661209263296
5.010067172812643,82.1799711628555,-10.960399999999993,589,78,0.11546647237982993,0.13242784380305603,0.11920283347607842,0.11898339034359867
5.010067172812643,102.1799711628555,-5.960399999999993,1361,28,0.12127036396707326,0.020573108008817047,-11.543798728499876,-13.999160551004548
5.010067172812643,162.17997116285548,-0.9603999999999928,752,0,0.11554830565528482,0.0,-9.9118255999614,-13.589415738239595
5.010067172812643,167.17997116285548,-0.9603999999999928,3404,0,0.11414482365468541,0.0,-20.94312683184495,-28.72528244578618
5.510067172812643,52.179971162855495,-5.960399999999993,824,54,0.11197727586264898,0.06553398058252427,-4.74282149566745,-5.1371776140852266
5.510067172812643,62.179971162855495,-5.960399999999993,2096,472,0.10926081562212676,0.22519083969465647,12.108163541156733,11.164046467734833
5.510067172812643,67.1799711628555,4.039600000000007,550,196,0.11465654348721573,0.3563636363636364,12.69418316418443,11.122823722139131
5.510067172812643,67.1799711628555,9.039600000000007,907,111,0.10565056422262042,0.12238147739801543,0.3515355722201631,0.349901951625277
5.510067172812643,127.17997116285548,-5.960399999999993,457,56,0.09297875796864752,0.12253829321663019,1.262170622162549,1.231561648276958
5.510067172812643,147.17997116285548,-5.960399999999993,463,0,0.08842495241311213,0.0,-6.701649318637047,-9.259067657695478
5.510067172812643,152.17997116285548,-5.960399999999993,734,0,0.08731839316659133,0.0,-8.379946546798012,-11.581386189137056
5.510067172812643,157.17997116285548,-5.960399999999993,918,0,0.08622437169850466,0.0,-9.307147024692473,-12.86672163428053
5.510067172812643,162.17997116285548,-5.960399999999993,1368,0,0.08514277862506067,0.0,-11.2834081518775,-15.60349850224934
5.510067172812643,182.17997116285548,4.039600000000007,458,51,0.08614989281150963,0.11135371179039301,1.1294430848851127,1.1034313297614906
5.510067172812643,187.17997116285548,4.039600000000007,474,57,0.08506914702049795,0.12025316455696203,1.8399002065488599,1.774235327502965
5.510067172812643,192.17997116285548,4.039600000000007,492,92,0.08400071289132896,0.18699186991869918,6.406234124297171,5.775706323519416
5.510067172812643,197.17997116285548,4.039600000000007,511,80,0.0829444813337944,0.15655577299412915,4.620547813406503,4.2676740594744835
5.510067172812643,202.17997116285548,4.039600000000007,535,114,0.08190034343589564,0.2130841121495327,8.71017225222819,7.6623277245161585
5.510067172812643,207.17997116285548,4.039600000000007,560,50,0.08086819048659227,0.08928571428571429,0.09956204098328338,0.09935755747188556
6.010067172812643,47.179971162855495,4.039600000000007,618,17,0.12352696388513414,0.02750809061488673,-7.4098857073552,-8.79972035366445
6.010067172812643,52.179971162855495,-5.960399999999993,568,63,0.11562314265873197,0.11091549295774648,-1.2397246227287806,-1.2658241831477022
6.010067172812643,67.1799711628555,-5.960399999999993,816,185,0.11145485497439803,0.2267156862745098,7.37545927638967,6.818515814171425
6.010067172812643,67.1799711628555,-0.9603999999999928,546,24,0.11902260028143387,0.04395604395604396,-5.671064251146637,-6.444231147323321
6.010067172812643,77.1799711628555,-10.960399999999993,1703,27,0.10175951033797954,0.015854374633000587,-11.852432496791373,-14.515590613081686
6.010067172812643,77.1799711628555,-0.9603999999999928,599,42,0.11615758349291637,0.07011686143572621,-4.000997720540167,-4.317933681727626
6.010067172812643,132.17997116285548,-5.960399999999993,646,5,0.09488066838761672,0.007739938080495356,-7.592172584708193,-9.679703536397195
6.010067172812643,137.17997116285548,-5.960399999999993,882,5,0.09370162584767319,0.005668934240362812,-9.000243225731005,-11.639359784274058
6.010067172812643,142.17997116285548,-5.960399999999993,799,5,0.09253573687116178,0.006257822277847309,-8.446056930976015,-10.871922370193662
6.010067172812643,147.17997116285548,-5.960399999999993,514,32,0.09138289182987944,0.0622568093385214,-2.657748662286425,-2.828441188582055
6.010067172812643,217.17997116285548,-0.9603999999999928,984,34,0.08196783978906931,0.034552845528455285,-5.649142424957682,-6.356615870453845
6.010067172812643,222.17997116285548,-0.9603999999999928,1089,47,0.0809349112005664,0.04315886134067952,-4.889030189577257,-5.358774692700477
6.010067172812643,227.17997116285548,-0.9603999999999928,1189,36,0.07991386611643785,0.030277544154751892,-6.521666742766299,-7.4229767858415565
6.010067172812643,232.17997116285548,-0.9603999999999928,2009,204,0.07890459627668446,0.101543056246889,2.316960596938162,2.2614618788755134
6.010067172812643,237.17997116285548,-0.9603999999999928,2160,201,0.07790699368530944,0.09305555555555556,1.3100741206799942,1.292231935037852
6.010067172812643,242.17997116285548,-0.9603999999999928,2344,212,0.07692095063055351,0.09044368600682594,1.1423990752407496,1.1291752788017504
6.010067172812643,247.17997116285548,-0.9603999999999928,2581,172,0.0759463597045119,0.06664083688492832,-2.6677086221886177,-2.746172315724928
6.010067172812643,252.17997116285548,-0.9603999999999928,2939,363,0.07498311382214229,0.12351139843484178,7.625746741841972,7.168044814554105
6.010067172812643,257.1799711628555,-0.9603999999999928,3362,460,0.0740311062396703,0.13682331945270673,10.938377433085785,10.099152454058181
6.010067172812643,262.1799711628555,-0.9603999999999928,6401,1761,0.07309023057240359,0.27511326355256993,49.518730975817675,40.8989673897208
6.010067172812643,262.1799711628555,4.039600000000007,553,0,0.07221754057127015,0.0,-6.5608609568348895,-9.105138087324452
6.010067172812643,267.1799711628555,4.039600000000007,576,0,0.07129793913307583,0.0,-6.649845044606144,-9.230944203286423
6.010067172812643,272.1799711628555,4.039600000000007,599,40,0.07038915927097318,0.0667779632721202,-0.7699449504471946,-0.7837336443792882
6.010067172812643,277.1799711628555,4.039600000000007,624,0,0.06949109617650287,0.0,-6.826476656767453,-9.480796134282585
6.010067172812643,282.1799711628555,4.039600000000007,654,0,0.06860364547986778,0.0,-6.940571047677458,-9.641578400127093
6.010067172812643,287.1799711628555,4.039600000000007,688,0,0.06772670326440909,0.0,-7.069725713870847,-9.823333249321845
6.010067172812643,292.1799711628555,4.039600000000007,731,0,0.06686016608055702,0.0,-7.237174586678762,-10.058365302002029
6.010067172812643,297.1799711628555,4.039600000000007,786,0,0.06600393095925844,0.0,-7.4528717774084905,-10.360547949351655
6.010067172812643,302.1799711628555,4.039600000000007,859,0,0.06515789542489303,0.0,-7.7376837201611846,-10.758939481269573
6.010067172812643,307.1799711628555,4.039600000000007,965,0,0.06432195750768901,0.0,-8.144793241462375,-11.327568071266251
6.010067172812643,312.1799711628555,4.039600000000007,1142,16,0.06349601575564194,0.014010507880910683,-6.932659332323305,-8.321855449644987
6.010067172812643,317.1799711628555,4.039600000000007,1526,6,0.06267996924595319,0.003931847968545216,-9.489183609732079,-12.341262403834362
6.010067172812643,322.1799711628555,4.039600000000007,4774,0,0.06187371759599216,0.0,-17.744495696763884,-24.69488885067743
6.510067172812643,22.179971162855495,4.039600000000007,795,59,0.10798051073845966,0.07421383647798742,-3.662267965960411,-3.8936921919499583
6.510067172812643,32.179971162855495,-5.960399999999993,559,142,0.10026815514649608,0.25402504472271914,9.017681837529354,8.048215777444955
6.510067172812643,57.179971162855495,-5.960399999999993,583,58,0.09421011883694902,0.09948542024013722,-0.32297400797726916,-0.32491505071436133
6.510067172812643,62.179971162855495,-5.960399999999993,1150,349,0.09303855241256886,0.3034782608695652,18.63074876417903,15.977206969225017
6.510067172812643,67.1799711628555,-5.960399999999993,2200,62,0.09188007735817749,0.028181818181818183,-10.615157507844778,-12.320377369365946
6.510067172812643,67.1799711628555,4.039600000000007,1032,105,0.09658197132873023,0.10174418604651163,-0.48328854924796655,-0.4865031174129489
6.510067172812643,72.1799711628555,-5.960399999999993,456,22,0.09073458403120055,0.04824561403508772,-3.40315553960233,-3.7297747848865868
6.510067172812643,77.1799711628555,4.039600000000007,534,97,0.09419936889180389,0.18164794007490637,5.118855735055574,4.734416388711125
6.510067172812643,82.1799711628555,4.039600000000007,1062,249,0.09302792242053516,0.2344632768361582,12.079163664023312,10.745117506138595
6.510067172812643,172.17997116285548,-0.9603999999999928,548,45,0.0742818488957926,0.08211678832116788,0.14890529314059447,0.14841704511732076
6.510067172812643,177.17997116285548,-0.9603999999999928,972,7,0.07333803888559798,0.00720164609053498,-7.9440970255087935,-10.076035387166016
6.510067172812643,182.17997116285548,-0.9603999999999928,581,6,0.07240528278654873,0.010327022375215147,-5.813426311007457,-7.204471893582224
6.510067172812643,187.17997116285548,-0.9603999999999928,2168,58,0.07148347487769255,0.026752767527675275,-8.319291611146273,-9.489070104041318
6.510067172812643,192.17997116285548,-0.9603999999999928,508,197,0.07057250984292962,0.38779527559055116,21.65332186241844,16.840104934678056
6.510067172812643,197.17997116285548,-0.9603999999999928,526,68,0.06967228278669299,0.12927756653992395,4.289234252648056,3.950770334922239
6.510067172812643,202.17997116285548,-0.9603999999999928,550,304,0.06878268924907562,0.5527272727272727,33.161331083803624,24.369359324535385
6.510067172812643,207.17997116285548,-0.9603999999999928,1037,282,0.06790362522041798,0.2719382835101254,21.061293660347022,17.14158780594818
6.510067172812643,212.17997116285548,-0.9603999999999928,2572,396,0.06703498715536488,0.15396578538102643,14.462366231804717,12.86188686860479
6.510067172812643,217.17997116285548,-0.9603999999999928,1456,352,0.06617667198639626,0.24175824175824176,21.9818105068222,18.125177842004646
6.510067172812643,222.17997116285548,-0.9603999999999928,1964,349,0.06532857713684882,0.17769857433808553,16.651981723603512,14.39437581277939
6.510067172812643,227.17997116285548,-0.9603999999999928,1920,341,0.06449060053342963,0.17760416666666667,16.71197465290278,14.408894352166039
6.510067172812643,232.17997116285548,-0.9603999999999928,2137,107,0.06366264061823704,0.0500701918577445,-3.100472120466139,-3.2363939467862535
6.510067172812643,237.17997116285548,-0.9603999999999928,1628,261,0.06284459636029566,0.16031941031941033,13.489880908868043,11.76512605605351
6.510067172812643,242.17997116285548,-0.9603999999999928,1979,350,0.06203636726661364,0.17685699848408287,17.654176475655557,15.108878601625685
6.510067172812643,247.17997116285548,-0.9603999999999928,1842,308,0.06123785339277306,0.16720955483170466,15.86136035307853,13.664415146975207
6.510067172812643,252.17997116285548,-0.9603999999999928,6519,466,0.06044895535306239,0.07148335634299739,2.1972510427915872,2.163213718687065
6.510067172812643,252.17997116285548,4.039600000000007,459,0,0.060277610848769064,0.0,-5.426059738899402,-7.554652488946973
6.510067172812643,257.1799711628555,-0.9603999999999928,1864,230,0.05966957433015959,0.12339055793991416,9.69167642016166,8.73421505394338
6.510067172812643,257.1799711628555,4.039600000000007,475,0,0.05950029910244322,0.0,-5.481848745560735,-7.633921066707952
6.510067172812643,262.1799711628555,4.039600000000007,494,0,0.0587323847155382,0.0,-5.5519523931866255,-7.733139843706331
6.510067172812643,267.1799711628555,4.039600000000007,517,0,0.05797377016426118,0.0,-5.640655107608882,-7.858289470090676
6.510067172812643,272.1799711628555,4.039600000000007,544,0,0.05722435852143395,0.0,-5.746266182116007,-8.007029145779702
6.510067172812643,277.1799711628555,4.039600000000007,576,0,0.056484053464380866,0.0,-5.87218253596508,-8.184106475396453
6.510067172812643,282.1799711628555,4.039600000000007,616,0,0.055752759282415576,0.0,-6.03087985816655,-8.406928046151785
6.510067172812643,287.1799711628555,4.039600000000007,665,0,0.05503038088393084,0.0,-6.223048116493766,-8.676481225012056
6.510067172812643,292.1799711628555,4.039600000000007,730,0,0.05431682380310708,0.0,-6.475238687393707,-9.029817570970572
6.510067172812643,297.1799711628555,4.039600000000007,812,0,0.053611994206243414,0.0,-6.782259176454298,-9.459740334957237
6.510067172812643,302.1799711628555,4.039600000000007,925,60,0.05291579889772064,0.06486486486486487,1.1212629537861236,1.0961702587991928
6.510067172812643,307.1799711628555,4.039600000000007,1084,5,0.05222814532560751,0.004612546125461255,-7.065649751899822,-9.05556482096628
6.510067172812643,312.1799711628555,4.039600000000007,1335,0,0.051548941586912526,0.0,-8.518106122998537,-11.887387852406961
6.510067172812643,317.1799711628555,4.039600000000007,1829,0,0.05087809643249707,0.0,-9.901734604411873,-13.820765820514715
6.510067172812643,322.1799711628555,4.039600000000007,1875,0,0.05021551927165301,0.0,-9.956508768015649,-13.899664903685057
7.010067172812643,37.179971162855495,-5.960399999999993,590,89,0.0823603820856608,0.15084745762711865,4.61742572697128,4.282971682754551
7.010067172812643,42.179971162855495,-5.960399999999993,825,148,0.0813229450194818,0.17939393939393938,8.07798746388638,7.283189301892502
7.010067172812643,42.179971162855495,-0.9603999999999928,861,8,0.084657250031811,0.009291521486643438,-7.990104673453757,-10.044709482837128
7.010067172812643,52.179971162855495,-5.960399999999993,998,159,0.07928373568758611,0.1593186372745491,7.319670144174895,6.686979799485621
7.010067172812643,57.179971162855495,-5.960399999999993,525,73,0.07828174696977658,0.13904761904761906,3.986707321729578,3.7092507111370274
7.010067172812643,57.179971162855495,4.039600000000007,524,5,0.0819366386622064,0.009541984732824428,-6.078545023985172,-7.61855164096705
7.010067172812643,62.179971162855495,39.03960000000001,1332,70,0.060833240737770494,0.052552552552552555,-1.7082074657046344,-1.7599734318294553
7.010067172812643,67.1799711628555,-5.960399999999993,510,29,0.07631246234398457,0.056862745098039215,-1.9683062795114463,-2.0705245493400017
7.010067172812643,67.1799711628555,-0.9603999999999928,981,17,0.07945910218106525,0.017329255861365953,-7.291731822468813,-8.739098826446915
7.010067172812643,67.1799711628555,9.039600000000007,896,151,0.0767213376092713,0.16852678571428573,8.206429181887685,7.3868599420693695
7.010067172812643,72.1799711628555,-5.960399999999993,1274,12,0.07534495170231123,0.009419152276295133,-8.968866398995306,-11.20623694189472
7.010067172812643,72.1799711628555,4.039600000000007,519,11,0.07887446099469349,0.02119460500963391,-4.964025611657463,-5.842861956602923
7.010067172812643,77.1799711628555,-5.960399999999993,741,31,0.07438871956390282,0.04183535762483131,-3.624843747435815,-3.9491651831027577
7.010067172812643,77.1799711628555,4.039600000000007,628,63,0.07787720719480924,0.10031847133757962,1.3041514567886445,1.272446689935693
7.010067172812643,82.1799711628555,4.039600000000007,1182,79,0.07689150970071644,0.06683587140439932,-1.8984007946583021,-1.9568758022662172
7.010067172812643,87.1799711628555,4.039600000000007,674,0,0.07591726111393447,0.0,-7.441230971859762,-10.31646951486891
7.010067172812643,172.17997116285548,-0.9603999999999928,454,0,0.06067385971049316,0.0,-5.415275221705168,-7.53883411451295
7.010067172812643,172.17997116285548,4.039600000000007,940,11,0.061004478641244406,0.011702127659574468,-6.36994900832644,-7.738325457875128
7.010067172812643,177.17997116285548,-0.9603999999999928,464,37,0.0598917637927881,0.07974137931034483,1.3168864805920488,1.2731881088100896
7.010067172812643,177.17997116285548,4.039600000000007,473,68,0.06021839420319735,0.14376321353065538,6.401688474073729,5.635716523311724
7.010067172812643,182.17997116285548,-0.9603999999999928,478,41,0.05911911472111723,0.08577405857740586,1.9201980400503338,1.8315145339089878
7.010067172812643,192.17997116285548,-0.9603999999999928,972,70,0.05760176642021813,0.0720164609053498,1.3268329962224445,1.2945433928489034
7.010067172812643,197.17997116285548,-0.9603999999999928,493,79,0.05685687333244098,0.16024340770791076,8.392046842439829,7.169238353433854
7.010067172812643,202.17997116285548,-0.9603999999999928,682,112,0.05612103938938247,0.16422287390029325,10.39885749606408,8.822213184968756
7.510067172812643,27.179971162855495,-0.9603999999999928,1253,17,0.07320989487060152,0.013567438148443736,-8.184689659897995,-9.949100285781308
7.510067172812643,42.179971162855495,-5.960399999999993,640,5,0.06840810783186833,0.0078125,-6.102224783793412,-7.678850431036174
7.510067172812643,57.179971162855495,-5.960399999999993,1205,27,0.06581527954994178,0.022406639004149378,-6.214226994157667,-7.161717210518665
7.510067172812643,62.179971162855495,59.03960000000001,533,24,0.048837207333277406,0.0450281425891182,-0.6295567733975937,-0.6418984286136459
7.510067172812643,72.1799711628555,-5.960399999999993,451,21,0.06331404651801209,0.04656319290465632,-1.6791973977502368,-1.7685719606963761
7.510067172812643,72.1799711628555,4.039600000000007,667,44,0.06603005193635428,0.06596701649175413,-0.4451046536055311,-0.4495524211804118
7.510067172812643,77.1799711628555,-10.960399999999993,1922,41,0.06067468252036762,0.02133194588969823,-7.384202369773993,-8.486713413809083
7.510067172812643,92.1799711628555,4.039600000000007,1598,30,0.06270486308361589,0.01877346683354193,-7.369193739926786,-8.604894026442183
7.510067172812643,162.17997116285548,4.039600000000007,1728,19,0.05226012525253658,0.01099537037037037,-7.772355688683111,-9.384056343595104
8.010067172812644,52.179971162855495,-5.960399999999993,537,120,0.05694886339504121,0.22346368715083798,13.902926153221651,11.227701726415798
8.010067172812644,52.179971162855495,4.039600000000007,487,8,0.05919589831348173,0.01642710472279261,-4.057156436369231,-4.774138369377401
8.010067172812644,57.179971162855495,-5.960399999999993,602,26,0.05621190988496638,0.04318936877076412,-1.6113953769633242,-1.6866762076774409
8.010067172812644,57.179971162855495,4.039600000000007,508,20,0.05843166846296625,0.03937007874015748,-2.0134441848577374,-2.144841885348344
8.010067172812644,62.179971162855495,4.039600000000007,728,18,0.057676700095510555,0.024725274725274724,-3.930393737294594,-4.422891625171324
8.010067172812644,62.179971162855495,14.039600000000007,506,12,0.0553691693907462,0.023715415019762844,-3.2047792622218596,-3.6073134837468754
8.010067172812644,67.1799711628555,4.039600000000007,503,24,0.0569308965217615,0.04771371769383698,-1.1284623083946381,-1.1671974706860728
8.010067172812644,67.1799711628555,9.039600000000007,710,245,0.0557802304357695,0.34507042253521125,27.03406899671258,20.20473802332623
8.010067172812644,72.1799711628555,-5.960399999999993,576,0,0.05405452384834551,0.0,-5.737123680506777,-8.001064970327063
8.010067172812644,72.1799711628555,-0.9603999999999928,758,111,0.055171671159650576,0.14643799472295516,9.368730613094705,8.076342040187958
8.010067172812644,72.1799711628555,4.039600000000007,1057,60,0.05619416165987286,0.05676442762535478,-0.3597413798200876,-0.36227638016319486
8.010067172812644,77.1799711628555,-5.960399999999993,641,5,0.053352905899513796,0.0078003120124804995,-5.158595765745201,-6.405007219095998
8.010067172812644,82.1799711628555,-5.960399999999993,2400,42,0.05265988785378537,0.0175,-7.845656611669205,-9.07725081464179
8.010067172812644,87.1799711628555,4.039600000000007,675,67,0.05403741779069319,0.09925925925925926,4.368521105711122,4.004341331999386
8.010067172812644,92.1799711628555,4.039600000000007,608,15,0.05333600935630119,0.024671052631578948,-3.2500853212205043,-3.6268113261119512
8.010067172812644,142.17997116285548,4.039600000000007,1812,54,0.04677978419872689,0.029801324503311258,-3.649608677353151,-3.915719511447054
8.510067172812644,37.179971162855495,-5.960399999999993,903,75,0.051579236678121906,0.08305647840531562,3.5501073672623744,3.322204896508261
8.510067172812644,37.179971162855495,44.03960000000001,3271,11,0.0480357425311803,0.003362885967594008,-11.970988036427146,-15.540593309847845
8.510067172812644,42.179971162855495,-5.960399999999993,704,118,0.05090801843237643,0.16761363636363635,12.083905818157618,10.001854295045986
8.510067172812644,47.179971162855495,-0.9603999999999928,605,25,0.05092406313618025,0.04132231404958678,-1.2834632579385619,-1.3329149843681878
8.510067172812644,62.179971162855495,-5.960399999999993,1209,44,0.04830496964754587,0.036393713813068655,-2.177462789184877,-2.284362203395397
8.510067172812644,62.179971162855495,14.039600000000007,467,223,0.04876335630505059,0.47751605995717344,33.470115861571045,22.925854481014255
8.510067172812644,67.1799711628555,-5.960399999999993,574,16,0.04767421872606208,0.027874564459930314,-2.3432631625514952,-2.5420603207082646
8.510067172812644,67.1799711628555,-0.9603999999999928,541,59,0.048320235715724934,0.10905730129390019,5.712805517650133,5.042830021239269
8.510067172812644,67.1799711628555,4.039600000000007,823,85,0.04943896705259346,0.10328068043742406,6.14014655976114,5.4960527186967925
8.510067172812644,72.1799711628555,-5.960399999999993,1817,80,0.04705129675876177,0.04402861860209136,-1.003653175248842,-1.0209101807709131
8.510067172812644,72.1799711628555,4.039600000000007,569,54,0.04879416793998249,0.09490333919156414,4.389039258356438,3.9755600700117464
8.510067172812644,77.1799711628555,-5.960399999999993,1154,124,0.04643611715342587,0.10745233968804159,8.594714215933491,7.545616986914633
8.510067172812644,77.1799711628555,-0.9603999999999928,2058,63,0.04706618621659357,0.030612244897959183,-3.7758490771672673,-4.0401692369755215
8.510067172812644,77.1799711628555,4.039600000000007,795,16,0.04815735245596429,0.02012578616352201,-3.781397758672447,-4.270402695073857
8.510067172812644,82.1799711628555,-0.9603999999999928,570,160,0.046450821425967584,0.2807017543859649,22.174511868858783,16.390695264320204
8.510067172812644,82.1799711628555,4.039600000000007,881,56,0.047528432809942595,0.06356413166855845,1.7604918690598133,1.6955613299980592
8.510067172812644,87.1799711628555,4.039600000000007,457,11,0.04690732188844873,0.024070021881838075,-2.3944593653294612,-2.6401146252483936
8.510067172812644,122.1799711628555,4.039600000000007,954,8,0.04277101550647331,0.008385744234800839,-5.281498731499676,-6.423984993320261
8.510067172812644,127.17997116285548,-5.960399999999993,473,0,0.040691590521529895,0.0,-4.4792342712578765,-6.268919942135155
9.010067172812644,47.179971162855495,-5.960399999999993,617,205,0.04474057109671108,0.33225283630470015,28.381718191311894,20.17232935979769
9.010067172812644,52.179971162855495,-5.960399999999993,470,65,0.04415420358953923,0.13829787234042554,8.707779485308643,7.22990641368048
9.010067172812644,52.179971162855495,19.039600000000007,623,153,0.0445211834341055,0.24558587479935795,20.616552709213714,15.44241669889059
9.010067172812644,57.179971162855495,-5.960399999999993,813,22,0.04357517042834026,0.02706027060270603,-2.4385391381526342,-2.6250267542497956
9.010067172812644,57.179971162855495,14.039600000000007,1078,42,0.04432637667186799,0.03896103896103896,-1.1099753742540683,-1.1390751537917307
9.010067172812644,62.179971162855495,19.039600000000007,1562,23,0.04336123796930399,0.0147247119078105,-5.639473915431481,-6.516619708919916
9.010067172812644,67.1799711628555,-5.960399999999993,1213,8,0.04243877744866807,0.006595218466611707,-6.220531685342165,-7.704859920193175
9.010067172812644,67.1799711628555,4.039600000000007,585,0,0.043939199172596644,0.0,-5.185149057833113,-7.250690274080382
9.010067172812644,67.1799711628555,9.039600000000007,766,45,0.043553622888057655,0.0587467362924282,1.6650729496680705,1.5997959269564905
9.010067172812644,77.1799711628555,-20.960399999999993,1139,4,0.04024890741193773,0.003511852502194908,-6.321444960481049,-8.127587107947154
9.010067172812644,77.1799711628555,-5.960399999999993,3696,22,0.041330739680958,0.005952380952380952,-10.848096358150237,-13.513527454674774
9.010067172812644,82.1799711628555,-5.960399999999993,983,97,0.040787153130358175,0.09867751780264497,8.145802352550472,7.070659844102191
9.010067172812644,82.1799711628555,4.039600000000007,485,0,0.04223175706393132,0.0,-4.624451491330981,-6.469541285507716
9.010067172812644,87.1799711628555,4.039600000000007,765,18,0.04167683540589097,0.023529411764705882,-2.6166642864580765,-2.8515267929886137
9.010067172812644,92.1799711628555,-0.9603999999999928,604,56,0.040073512365365646,0.09271523178807947,5.8648863810723135,5.129752517994484
9.010067172812644,92.1799711628555,4.039600000000007,1930,236,0.041128892250763126,0.12227979274611399,15.895813426048102,13.291256231658133
9.010067172812644,97.1799711628555,-0.9603999999999928,686,28,0.03954577892183914,0.04081632653061224,-0.04525812470461371,-0.04531870777816668
9.010067172812644,97.1799711628555,4.039600000000007,2099,38,0.040587848025598186,0.01810385898046689,-5.342555726403217,-5.9916763420549675
9.010067172812644,102.1799711628555,-0.9603999999999928,636,0,0.03902471273475448,0.0,-5.08208945889528,-7.115755573091091
9.010067172812644,107.1799711628555,-0.9603999999999928,640,0,0.038510236974079834,0.0,-5.062974618397567,-7.089946539840128
9.510067172812644,37.179971162855495,-0.9603999999999928,797,77,0.042211387378953955,0.09661229611041405,6.747105376715345,5.920326368501502
9.510067172812644,42.179971162855495,-5.960399999999993,549,49,0.04137979279635533,0.08925318761384335,4.980020869449182,4.414079251573405
9.510067172812644,42.179971162855495,-0.9603999999999928,1096,55,0.04165672173552315,0.05018248175182482,1.040495250800075,1.0174935897722066
9.510067172812644,52.179971162855495,-5.960399999999993,9907,44,0.04029824055947735,0.0044413041283940646,-18.198397364708253,-23.081090304427583
9.510067172812644,57.179971162855495,-5.960399999999993,590,132,0.0397676702449592,0.22372881355932203,19.671023100145458,14.572765050456564
9.510067172812644,57.179971162855495,4.039600000000007,723,0,0.0411434791022936,0.0,-5.569841568815292,-7.794356680626988
9.510067172812644,62.179971162855495,-0.9603999999999928,817,73,0.039507023023571286,0.08935128518971848,6.511147332222728,5.716453332222449
9.510067172812644,62.179971162855495,4.039600000000007,506,6,0.04060225111460841,0.011857707509881422,-3.3113905998429334,-3.8866333570403877
9.510067172812644,62.179971162855495,14.039600000000007,534,23,0.04006354641135318,0.04307116104868914,0.14791639341511414,0.14720085339914166
9.510067172812644,67.1799711628555,4.039600000000007,546,7,0.040067845280435395,0.01282051282051282,-3.2866032156976015,-3.822570402436662
9.510067172812644,72.1799711628555,-0.9603999999999928,1036,44,0.038472455282331404,0.04247104247104247,0.3875732275776342,0.38400500151347094
9.510067172812644,72.1799711628555,4.039600000000007,713,9,0.03954018339341073,0.012622720897615708,-3.7331467963804665,-4.343205799221211
9.510067172812644,77.1799711628555,-5.960399999999993,494,16,0.037711620093663134,0.032388663967611336,-0.7514853064156324,-0.7732935263392584
9.510067172812644,77.1799711628555,4.039600000000007,863,0,0.039019187939299496,0.0,-5.919529007968823,-8.288319757466631
9.510067172812644,82.1799711628555,-5.960399999999993,567,11,0.037213784903445846,0.019400352733686066,-2.3094261472153446,-2.542266473869778
9.510067172812644,82.1799711628555,4.039600000000007,784,0,0.038504782095446395,0.0,-5.603273252639225,-7.846566004871242
9.510067172812644,87.1799711628555,-5.960399999999993,628,17,0.03672227089379804,0.027070063694267517,-1.399707221553161,-1.4720070923108066
9.510067172812644,87.1799711628555,4.039600000000007,862,11,0.03799688973004228,0.012761020881670533,-3.9248356461241944,-4.543064782957391
9.510067172812644,97.1799711628555,-0.9603999999999928,770,19,0.03599863049185878,0.024675324675324677,-1.7969765078100808,-1.9088201771760618
9.510067172812644,97.1799711628555,4.039600000000007,456,0,0.03700034435593693,0.0,-4.185739904217714,-5.863823751690944
9.510067172812644,102.1799711628555,-5.960399999999993,463,69,0.035284922613722125,0.1490280777537797,11.803195304670789,9.179914289219644
9.510067172812644,102.1799711628555,4.039600000000007,542,0,0.03651154252879207,0.0,-4.532016431655256,-6.349734778229561
9.510067172812644,107.1799711628555,-5.960399999999993,1984,7,0.034817963411644094,0.003528225806451613,-7.619095071345785,-9.723414384143572
9.510067172812644,112.1799711628555,-5.960399999999993,530,0,0.03435696384632789,0.0,-4.342471904840628,-6.087585999741725
9.510067172812644,112.1799711628555,-0.9603999999999928,726,0,0.034588589221017776,0.0,-5.100097994473615,-7.149248855180496
9.510067172812644,112.1799711628555,4.039600000000007,4402,51,0.035552513696595456,0.011585642889595639,-8.68482403339199,-10.087039401416641
9.510067172812644,117.1799711628555,-0.9603999999999928,917,0,0.0341305192412338,0.0,-5.692419448226225,-7.980508996884148
9.510067172812644,122.1799711628555,-0.9603999999999928,1006,0,0.03367830403244004,0.0,-5.921247736747236,-8.302292755341153
9.510067172812644,127.17997116285548,-0.9603999999999928,756,0,0.03323187433716945,0.0,-5.097733816502982,-7.148458476963417
9.510067172812644,132.17997116285548,-5.960399999999993,452,0,0.0325711667265617,0.0,-3.901003695604092,-5.471245412874995
9.510067172812644,132.17997116285548,4.039600000000007,625,0,0.0337067437331872,0.0,-4.669215665662774,-6.546746608441824
10.010067172812644,27.179971162855495,-0.9603999999999928,8056,23,0.040650252995454224,0.0028550148957298908,-17.206366371823478,-22.369684739248218
10.010067172812644,47.179971162855495,-5.960399999999993,704,35,0.03827697479824344,0.04971590909090909,1.2871259213258905,1.2425636678559875
10.010067172812644,47.179971162855495,-0.9603999999999928,777,39,0.038550403890336885,0.05019305019305019,1.3715569368859324,1.323638905021372
10.010067172812644,47.179971162855495,9.039600000000007,1255,9,0.03932918157725018,0.007171314741035857,-5.891217531903141,-7.2119151464419415
10.010067172812644,62.179971162855495,-5.960399999999993,2156,23,0.03678109733028482,0.010667903525046383,-6.504028964170414,-7.642620455104871
10.010067172812644,67.1799711628555,-0.9603999999999928,717,30,0.036554892452081586,0.04184100418410042,0.5251334516090161,0.517154714896575
10.010067172812644,67.1799711628555,4.039600000000007,738,0,0.03756160930590043,0.0,-5.366780181462583,-7.517246265565682
10.010067172812644,72.1799711628555,-0.9603999999999928,678,38,0.036071754943848434,0.05604719764011799,2.4396172071129447,2.2843382747615313
10.010067172812644,72.1799711628555,4.039600000000007,719,0,0.03706567814632155,0.0,-5.260803580116506,-7.369759986879122
10.010067172812644,77.1799711628555,-10.960399999999993,903,36,0.03509003103506883,0.03986710963455149,0.5410001527882111,0.5332540128039607
10.010067172812644,77.1799711628555,-5.960399999999993,1315,107,0.035341530998729026,0.08136882129277566,8.149731539030054,7.114260942741889
10.010067172812644,77.1799711628555,-0.9603999999999928,1111,20,0.03559476703685333,0.018001800180018002,-3.2511393161877034,-3.5925682075598413
10.010067172812644,77.1799711628555,4.039600000000007,680,5,0.03657604599364541,0.007352941176470588,-4.0818913152138645,-4.959469145398803
10.010067172812644,82.1799711628555,-0.9603999999999928,1104,51,0.03512385665854943,0.04619565217391304,1.667390940552055,1.605062848726872
10.010067172812644,82.1799711628555,4.039600000000007,726,59,0.036092639377672146,0.081267217630854,5.868315211243456,5.145957401284695
10.010067172812644,87.1799711628555,-5.960399999999993,1396,61,0.034412136591161026,0.04369627507163324,1.5610218844514239,1.5110959840211493
10.010067172812644,87.1799711628555,-0.9603999999999928,636,72,0.0346589524176058,0.11320754716981132,9.751611206438287,7.965968076501359
10.010067172812644,87.1799711628555,4.039600000000007,533,0,0.03561538551304156,0.0,-4.436671692954164,-6.217602588740687
10.010067172812644,92.1799711628555,-5.960399999999993,1115,0,0.03395632124827379,0.0,-6.260360880414229,-8.7771346243983
10.010067172812644,92.1799711628555,4.039600000000007,756,5,0.035144212297536066,0.006613756613756613,-4.280592555119389,-5.2305056683142706
10.010067172812644,107.1799711628555,-0.9603999999999928,894,173,0.0328579927281938,0.1935123042505593,23.688852105722614,17.197089856475085
10.010067172812644,117.1799711628555,-0.9603999999999928,529,12,0.031991743245929724,0.022684310018903593,-1.2966883074912812,-1.3707777418553277
10.010067172812644,122.1799711628555,-5.960399999999993,469,44,0.031341428130858245,0.09381663113006397,7.075232440675726,5.860678321546075
10.010067172812644,122.1799711628555,4.039600000000007,1096,5,0.0324409144944886,0.004562043795620438,-5.225239055807933,-6.530714018217972
10.010067172812644,132.17997116285548,-0.9603999999999928,1384,54,0.030733645277906507,0.03901734104046243,1.4980984345215151,1.4489180513919337
10.010067172812644,137.17997116285548,-0.9603999999999928,2199,5,0.0303250241663277,0.002273760800363802,-7.681117393678686,-9.975809091701832
10.010067172812644,142.17997116285548,-5.960399999999993,525,0,0.029707549670042254,0.0,-4.009237109652674,-5.627223616199352
10.010067172812644,147.17997116285548,-5.960399999999993,569,0,0.029312158505586352,0.0,-4.145149881400583,-5.818581553597106
10.010067172812644,147.17997116285548,4.039600000000007,467,0,0.030342686153731258,0.0,-3.8227536708648757,-5.364599332241049
10.010067172812644,152.17997116285548,-5.960399999999993,620,0,0.028921872920788693,0.0,-4.297164364017255,-6.032574768276901
10.010067172812644,152.17997116285548,4.039600000000007,504,0,0.029939102505095103,0.0,-3.9439841180047743,-5.535304866132312
10.010067172812644,157.17997116285548,-5.960399999999993,678,0,0.028536631140457625,0.0,-4.462754362007151,-6.265662594670685
10.010067172812644,162.17997116285548,-5.960399999999993,749,0,0.028156372026773496,0.0,-4.658338682353685,-6.540904014251028
10.010067172812644,162.17997116285548,-0.9603999999999928,591,0,0.028359637134841815,0.0,-4.153280868135404,-5.8314317561853075
10.010067172812644,167.17997116285548,-5.960399999999993,830,0,0.027781035075700886,0.0,-4.870025254258705,-6.838802335027108
10.010067172812644,167.17997116285548,-0.9603999999999928,644,0,0.02798166858573251,0.0,-4.305687539688808,-6.046009626451952
10.010067172812644,172.17997116285548,-0.9603999999999928,709,0,0.027608594349392158,0.0,-4.4866760102507115,-6.3007593636811965
10.010067172812644,177.17997116285548,-0.9603999999999928,784,0,0.027240354842928746,0.0,-4.685561459536707,-6.580685287103392
10.010067172812644,182.17997116285548,-0.9603999999999928,880,0,0.026876891108105056,0.0,-4.9300004508419395,-6.924639797604204
10.010067172812644,187.17997116285548,-0.9603999999999928,1009,0,0.0265181448075238,0.0,-5.242678445323881,-7.364506489271114
10.010067172812644,192.17997116285548,-0.9603999999999928,1213,0,0.026164058220753097,0.0,-5.708737244877297,-8.019921957571176
10.010067172812644,197.17997116285548,-0.9603999999999928,1623,0,0.025814574240398208,0.0,-6.557992704548134,-9.213828944509922
10.010067172812644,202.17997116285548,-0.9603999999999928,5331,9,0.02546963636811941,0.0016882386043894203,-11.031914925636174,-14.429544407140522
10.510067172812644,57.179971162855495,-30.960399999999993,708,6,0.03414593974896125,0.00847457627118644,-3.787702497292955,-4.519053581757266
10.510067172812644,57.179971162855495,-5.960399999999993,517,47,0.03592726488276639,0.09090909090909091,6.0493193628622715,5.191327843881628
10.510067172812644,57.179971162855495,-0.9603999999999928,812,82,0.03629411615213086,0.10098522167487685,8.861583877107702,7.4730711343789205
10.510067172812644,57.179971162855495,34.03960000000001,2133,10,0.03502337268660479,0.0046882325363338025,-7.644213371915858,-9.58242435667337
10.510067172812644,62.179971162855495,-0.9603999999999928,546,12,0.03581429714184107,0.02197802197802198,-1.818927626879719,-1.9610212328483365
10.510067172812644,67.1799711628555,-20.960399999999993,696,37,0.033931137895412584,0.05316091954022988,2.4742922157055887,2.311786905496837
10.510067172812644,72.1799711628555,-0.9603999999999928,1814,25,0.03487291960419785,0.013781697905181918,-4.973899397271499,-5.658289162638776
10.510067172812644,72.1799711628555,4.039600000000007,970,5,0.03576834161161216,0.005154639175257732,-5.151727793641255,-6.423752444940148
10.510067172812644,82.1799711628555,-5.960399999999993,721,0,0.033611377978639105,0.0,-5.007660609605696,-7.021457333535066
10.510067172812644,82.1799711628555,-0.9603999999999928,2550,172,0.03395541473787455,0.06745098039215686,8.421133205832376,7.545671898644853
10.510067172812644,82.1799711628555,4.039600000000007,2107,10,0.03482812838050544,0.004746084480303749,-7.554816400495497,-9.459014956382937
10.510067172812644,87.1799711628555,-5.960399999999993,620,17,0.03316580498688895,0.027419354838709678,-0.9130682808856732,-0.944420602330224
10.510067172812644,87.1799711628555,4.039600000000007,1150,0,0.034366999020368105,0.0,-6.3975498063996765,-8.968516944861621
10.510067172812644,92.1799711628555,-5.960399999999993,1292,40,0.0327259387549234,0.030959752321981424,-0.5530144370034504,-0.5606163770974564
10.510067172812644,92.1799711628555,-0.9603999999999928,1534,94,0.033061222462442405,0.061277705345501955,5.5690884803304455,5.050433049989547
10.510067172812644,92.1799711628555,4.039600000000007,901,0,0.033911760561677315,0.0,-5.623790922755293,-7.884743939297794
10.510067172812644,97.1799711628555,-5.960399999999993,2168,30,0.03229171146654456,0.013837638376383764,-4.944364510065715,-5.573966799316076
10.510067172812644,97.1799711628555,-0.9603999999999928,2476,129,0.032622696469957455,0.05210016155088853,4.854755263372514,4.518791603021627
10.510067172812644,97.1799711628555,4.039600000000007,1640,0,0.033462343397967755,0.0,-7.535129323780152,-10.565740068940274
10.510067172812644,102.1799711628555,-0.9603999999999928,593,0,0.03218979347376214,0.0,-4.441108085046496,-6.229371106385798
10.510067172812644,122.1799711628555,-0.9603999999999928,2330,71,0.030513081533600342,0.030472103004291845,-0.26838917260042805,-0.26974439887759155
10.510067172812644,127.17997116285548,-5.960399999999993,912,36,0.029801051470871753,0.039473684210526314,1.4800386596908977,1.421032039519219
10.510067172812644,127.17997116285548,4.039600000000007,2424,8,0.03088427417074804,0.0033003300330033004,-7.865974309594742,-10.01408173958612
10.510067172812644,132.17997116285548,-5.960399999999993,1320,19,0.029404453561772823,0.014393939393939395,-3.2955634995397602,-3.657167779249312
10.510067172812644,132.17997116285548,-0.9603999999999928,1270,0,0.02970675309842674,0.0,-6.235595707886049,-8.752063723517242
10.510067172812644,132.17997116285548,4.039600000000007,700,0,0.03047371332797765,0.0,-4.690637967982366,-6.582307151799043
10.510067172812644,137.17997116285548,-0.9603999999999928,554,0,0.029311372215629804,0.0,-4.090091151601769,-5.74129632255834
10.510067172812644,137.17997116285548,4.039600000000007,593,0,0.030068440948248343,0.0,-4.28758020042268,-6.017333665005908
10.510067172812644,137.17997116285548,9.039600000000007,1785,35,0.029762573729330114,0.0196078431372549,-2.6440169134925164,-2.8233447443990953
10.510067172812644,142.17997116285548,4.039600000000007,656,0,0.02966839338739745,0.0,-4.478564622880541,-6.28601887413103
10.510067172812644,172.17997116285548,-5.960399999999993,582,0,0.026410874443540924,0.0,-3.9734250500033346,-5.58171258494097
10.510067172812644,177.17997116285548,-5.960399999999993,1056,0,0.026058181855773056,0.0,-5.315419038961961,-7.467572559490894
10.510067172812644,182.17997116285548,-5.960399999999993,1233,0,0.02571007477220016,0.0,-5.704125896233558,-8.014381557272989
10.510067172812644,187.17997116285548,-0.9603999999999928,1231,0,0.025628379379128156,0.0,-5.6901967787616945,-7.994979255179535
10.510067172812644,192.17997116285548,-0.9603999999999928,2222,0,0.025285864890769838,0.0,-7.5922814936853085,-10.668434151368071
10.510067172812644,202.17997116285548,-5.960399999999993,2058,0,0.024362384203164528,0.0,-7.168665417036442,-10.075577294372598
10.510067172812644,202.17997116285548,-0.9603999999999928,4736,0,0.02461416209516776,0.0,-10.932265042698116,-15.3643305394394
10.510067172812644,212.17997116285548,-5.960399999999993,691,0,0.02371461622908972,0.0,-4.096931290069414,-5.759206669085494
10.510067172812644,217.17997116285548,-0.9603999999999928,2208,10,0.023639107688355497,0.004528985507246377,-5.930445302566953,-7.249181411434646
10.510067172812644,222.17997116285548,-0.9603999999999928,2965,38,0.02332254277248596,0.012816188870151771,-3.873635236544413,-4.237214031315902
10.510067172812644,227.17997116285548,-0.9603999999999928,3097,23,0.02301011725124733,0.007426541814659348,-5.825899784086386,-6.782288583005353
10.510067172812644,232.17997116285548,-0.9603999999999928,2554,0,0.022701779658085175,0.0,-7.702413762197268,-10.830383829430119
10.510067172812644,237.17997116285548,-0.9603999999999928,1743,100,0.0223974790954373,0.05737234652897304,9.243859750423553,7.839483743535167
10.510067172812644,242.17997116285548,-0.9603999999999928,2102,0,0.02209716523036644,0.0,-6.891865366559782,-9.692173758408165
10.510067172812644,247.17997116285548,-0.9603999999999928,2814,5,0.021800788290170556,0.0017768301350390902,-7.281419646354145,-9.432496450916613
10.510067172812644,252.17997116285548,-0.9603999999999928,3532,96,0.021508299057972892,0.027180067950169876,2.056278142201227,1.9857118875678652
10.510067172812644,257.1799711628555,-0.9603999999999928,941,0,0.021219648868293407,0.0,-4.516700431570106,-6.353359545946767
10.510067172812644,257.1799711628555,4.039600000000007,1245,40,0.021772408311282552,0.0321285140562249,2.298097332378654,2.1606995578815886
11.010067172812644,32.179971162855495,4.039600000000007,1400,5,0.03954620969923744,0.0035714285714285713,-6.92148145463315,-8.883437658459046
11.010067172812644,62.179971162855495,-0.9603999999999928,553,13,0.03572602345417445,0.023508137432188065,-1.635280707346748,-1.746707569501241
11.010067172812644,67.1799711628555,-0.9603999999999928,2903,46,0.03525344006114361,0.01584567688598002,-5.787640719629264,-6.487067570018081
11.010067172812644,72.1799711628555,-0.9603999999999928,520,24,0.03478688247418639,0.046153846153846156,1.1876741920978695,1.1415304353364395
11.010067172812644,77.1799711628555,-0.9603999999999928,1543,36,0.034326279793626985,0.023331173039533377,-2.515824146404701,-2.6753589793092236
11.010067172812644,77.1799711628555,4.039600000000007,1257,0,0.035087513664106305,0.0,-6.7608293342269254,-9.476007803857005
11.010067172812644,82.1799711628555,-0.9603999999999928,1132,19,0.033871561797491435,0.01678445229681979,-3.2565430206101627,-3.6078014739369864
11.010067172812644,82.1799711628555,4.039600000000007,2364,10,0.03462307320267859,0.004230118443316413,-8.104692772670345,-10.223055431705005
11.010067172812644,87.1799711628555,-5.960399999999993,673,8,0.032899509831270414,0.01188707280832095,-3.0945400822918043,-3.5559443116174743
11.010067172812644,87.1799711628555,-0.9603999999999928,1475,5,0.03342265893928782,0.003389830508474576,-6.430635045067434,-8.2085757306913
11.010067172812644,87.1799711628555,4.039600000000007,594,0,0.034164562699704464,0.0,-4.583841451561458,-6.426276922399717
11.010067172812644,92.1799711628555,-5.960399999999993,1552,192,0.032463056791619024,0.12371134020618557,18.292244308884918,14.468634437091486
11.010067172812644,92.1799711628555,-0.9603999999999928,921,0,0.03297950234565924,0.0,-5.6044632299652415,-7.8595515459880705
11.010067172812644,92.1799711628555,4.039600000000007,1610,0,0.03371191217270632,0.0,-7.494649352335488,-10.508296844158426
11.010067172812644,97.1799711628555,-0.9603999999999928,767,13,0.03254202381391534,0.01694915254237288,-2.49880560654936,-2.7514518149579974
11.010067172812644,97.1799711628555,4.039600000000007,475,0,0.03326505231387156,0.0,-4.042846021640115,-5.669159787943475
11.010067172812644,102.1799711628555,-5.960399999999993,615,30,0.0316068789092532,0.04878048780487805,2.1636542885384547,2.0251560045423633
11.010067172812644,102.1799711628555,-0.9603999999999928,535,0,0.032110155809445644,0.0,-4.2129386125708415,-5.909448805946999
11.010067172812644,102.1799711628555,4.039600000000007,1511,19,0.03282391448766216,0.01257445400397088,-4.479684394975869,-5.1146669891015595
11.010067172812644,107.1799711628555,-5.960399999999993,622,12,0.03118702123158218,0.01929260450160772,-1.775878185961421,-1.9125243444835462
11.010067172812644,107.1799711628555,4.039600000000007,2162,0,0.03238843072830365,0.0,-8.506918493224058,-11.931710972977104
11.010067172812644,112.1799711628555,-5.960399999999993,1072,15,0.030772563606768943,0.013992537313432836,-3.240273373288197,-3.627799465384728
11.010067172812644,112.1799711628555,4.039600000000007,2031,5,0.03195853373715812,0.002461841457410143,-7.568517283665833,-9.81262498550444
11.010067172812644,117.1799711628555,4.039600000000007,592,0,0.03153415687998616,0.0,-4.390452786110744,-6.159367212196142
11.010067172812644,122.1799711628555,-5.960399999999993,7866,61,0.029959590083715206,0.007754894482583269,-11.627919506517769,-13.826458689336663
11.010067172812644,122.1799711628555,4.039600000000007,702,5,0.031115234184101694,0.007122507122507123,-3.6819470620859684,-4.427184813140665
11.010067172812644,127.17997116285548,-5.960399999999993,486,0,0.02956094659867427,0.0,-3.84762883088958,-5.400600943302321
11.010067172812644,132.17997116285548,-5.960399999999993,2182,106,0.029167447986371633,0.04857928505957837,4.878146878264103,4.5013869440556205
11.010067172812644,137.17997116285548,-5.960399999999993,1893,103,0.028779032067792264,0.054410987849973586,6.099275183269625,5.500542218074809
11.010067172812644,142.17997116285548,-5.960399999999993,1218,23,0.028395637303517445,0.018883415435139574,-2.091649953358746,-2.2305782493260344
11.010067172812644,147.17997116285548,4.039600000000007,526,7,0.029100170009153003,0.013307984790874524,-2.193062020782742,-2.4538903712118696
11.010067172812644,152.17997116285548,-5.960399999999993,837,32,0.02764366825687147,0.038231780167264036,1.6506487046098,1.5723673633657744
11.010067172812644,152.17997116285548,4.039600000000007,840,0,0.028712623518077,0.0,-4.983129906837014,-6.9959462473953655
11.010067172812644,152.17997116285548,9.039600000000007,2888,14,0.02826104281120672,0.004847645429362881,-7.61864639505311,-9.389104333271893
11.010067172812644,157.17997116285548,-5.960399999999993,3479,11,0.02727497406141798,0.0031618281115263006,-8.749209616142881,-11.08939405395872
11.010067172812644,157.17997116285548,4.039600000000007,979,0,0.02833008764346498,0.0,-5.342640197494035,-7.501414111925309
11.010067172812644,162.17997116285548,4.039600000000007,1182,0,0.02795250159117238,0.0,-5.830091022350817,-8.18662566447812
11.010067172812644,167.17997116285548,4.039600000000007,1094,0,0.027579805198866842,0.0,-5.570283169536338,-7.8225561066946785
11.010067172812644,177.17997116285548,-5.960399999999993,760,0,0.025847429610003834,0.0,-4.490575332655571,-6.309101650304937
11.010067172812644,182.17997116285548,-5.960399999999993,786,5,0.025502064212320617,0.006361323155216285,-3.422002040529588,-4.085622994275405
11.010067172812644,187.17997116285548,-5.960399999999993,614,6,0.025161194289465748,0.009771986970684038,-2.4617313965289154,-2.8081076052945435
11.010067172812644,192.17997116285548,-0.9603999999999928,836,0,0.02522286242621875,0.0,-4.651014108686572,-6.535564177946286
11.010067172812644,197.17997116285548,-5.960399999999993,2578,103,0.024492720069362,0.03995345228859581,4.664812426617223,4.312668654944957
11.010067172812644,197.17997116285548,-0.9603999999999928,6497,0,0.02488562911522085,0.0,-12.876652245853714,-18.095730022044222
11.010067172812644,202.17997116285548,-5.960399999999993,2041,7,0.024165006861560284,0.0034296913277804997,-6.1141969718559155,-7.6481942539147525
11.010067172812644,202.17997116285548,-0.9603999999999928,1939,5,0.024552791092663197,0.0025786487880350697,-6.262371164496739,-7.990972419994663
11.010067172812644,207.17997116285548,-5.960399999999993,2400,0,0.02384157129912614,0.0,-7.65619354815394,-10.762240938460005
11.010067172812644,207.17997116285548,-0.9603999999999928,960,8,0.02422429409223986,0.008333333333333333,-3.2297239856479556,-3.7340718748589863
11.010067172812644,212.17997116285548,-5.960399999999993,1379,5,0.02352236039680678,0.0036258158085569255,-4.887197954825022,-6.077254647974819
11.010067172812644,212.17997116285548,-0.9603999999999928,1032,10,0.02390008443727429,0.009689922480620155,-3.022865771702901,-3.4316661204612227
11.010067172812644,232.17997116285548,-0.9603999999999928,872,18,0.022645066137881743,0.020642201834862386,-0.48535520641451285,-0.4942029670067701
11.010067172812644,237.17997116285548,-0.9603999999999928,2160,93,0.022341508399416204,0.043055555555555555,6.081868990803366,5.448509381017103
11.010067172812644,242.17997116285548,-0.9603999999999928,2313,0,0.02204192808966267,0.0,-7.220254222134271,-10.15413776142358
11.010067172812644,247.17997116285548,4.039600000000007,2270,165,0.022234953590751644,0.07268722466960352,15.236378404243935,12.298698708804945
11.010067172812644,252.17997116285548,4.039600000000007,1590,60,0.021936770029157185,0.03773584905660377,4.000775416487199,3.6596189160067203
11.010067172812644,257.1799711628555,4.039600000000007,1631,87,0.021642496768853565,0.05334150827713059,8.259883063877922,7.054813592473651
11.010067172812644,262.1799711628555,4.039600000000007,4644,108,0.021352084891019838,0.023255813953488372,0.6557931212438542,0.6490866166892673
11.510067172812644,52.179971162855495,-30.960399999999993,490,6,0.03274426514239656,0.012244897959183673,-2.583865134701801,-2.958025721456887
11.510067172812644,62.179971162855495,4.039600000000007,556,0,0.03740137552698741,0.0,-4.647919148265574,-6.510610663072352
11.510067172812644,67.1799711628555,-20.960399999999993,640,8,0.03299394287367672,0.0125,-2.9426549328329794,-3.3638599408197933
11.510067172812644,67.1799711628555,-0.9603999999999928,593,0,0.0362869732991161,0.0,-4.725294214921992,-6.620921275593724
11.510067172812644,67.1799711628555,4.039600000000007,498,0,0.03690747882794578,0.0,-4.368555482749112,-6.120079462908084
11.510067172812644,72.1799711628555,-0.9603999999999928,892,0,0.035807245210823326,0.0,-5.755538329546936,-8.06547378928213
11.510067172812644,72.1799711628555,4.039600000000007,1266,0,0.03641985742548446,0.0,-6.917386671243082,-9.692070351377026
11.510067172812644,77.1799711628555,-0.9603999999999928,2808,164,0.03533362678636629,0.0584045584045584,5.860841625082409,5.4282897693401475
11.510067172812644,77.1799711628555,4.039600000000007,528,0,0.03593843806989395,0.0,-4.43653770299286,-6.2168909041862515
11.510067172812644,82.1799711628555,-5.960399999999993,1374,169,0.03404645138749486,0.12299854439592431,16.3494581234434,13.09003742433291
11.510067172812644,82.1799711628555,-0.9603999999999928,1080,77,0.034866046330119596,0.0712962962962963,5.87530541784523,5.239469677468251
11.510067172812644,82.1799711628555,4.039600000000007,514,0,0.03546314819577478,0.0,-4.347211703930567,-6.092474199199027
11.510067172812644,87.1799711628555,-5.960399999999993,1948,232,0.03359531129992833,0.11909650924024641,18.8712240567158,15.15770672863406
11.510067172812644,87.1799711628555,-0.9603999999999928,5868,61,0.03440443282659054,0.010395364689843218,-10.188060762048739,-11.926234735362826
11.510067172812644,87.1799711628555,4.039600000000007,897,9,0.034993915920292426,0.010033444816053512,-4.1047462313829595,-4.829838665138873
11.510067172812644,92.1799711628555,-5.960399999999993,641,21,0.03314994399173392,0.0327613104524181,-0.20521195871764894,-0.2066610305534427
11.510067172812644,97.1799711628555,-5.960399999999993,1055,45,0.03271028100155349,0.04265402843601896,1.528715737263694,1.4727311719665388
11.510067172812644,97.1799711628555,-0.9603999999999928,1442,206,0.033498826003853545,0.14285714285714285,20.643782914215556,15.990131250815537
11.510067172812644,97.1799711628555,4.039600000000007,660,0,0.03407334003525364,0.0,-4.825110293119797,-6.764682335306354
11.510067172812644,102.1799711628555,-5.960399999999993,886,0,0.0322762545371213,0.0,-5.436041054514851,-7.624753995800476
11.510067172812644,102.1799711628555,-0.9603999999999928,522,5,0.033054694035078824,0.009578544061302681,-3.0261649715398553,-3.5578381815621825
11.510067172812644,102.1799711628555,4.039600000000007,596,0,0.03362185605516382,0.0,-4.5536581307117325,-6.38486343362765
11.510067172812644,107.1799711628555,4.039600000000007,520,6,0.03317614892819142,0.011538461538461539,-2.7877303856825635,-3.216490233802483
11.510067172812644,112.1799711628555,4.039600000000007,461,6,0.03273615015328922,0.013015184381778741,-2.4152789599602706,-2.7462162247651185
11.510067172812644,117.1799711628555,4.039600000000007,2279,7,0.032301791898656014,0.00307152259763054,-7.907284654594451,-10.134061434848176
11.510067172812644,122.1799711628555,-5.960399999999993,779,12,0.030595181357992086,0.01540436456996149,-2.518955830725771,-2.7855341558460522
11.510067172812644,127.17997116285548,-5.960399999999993,1744,118,0.030188343864560787,0.0676605504587156,8.368740842699268,7.319323631972453
11.510067172812644,132.17997116285548,-5.960399999999993,1659,49,0.02978675003800133,0.029535864978902954,-0.26698709802252396,-0.26860246991389836
11.510067172812644,132.17997116285548,-0.9603999999999928,451,0,0.030507040399333687,0.0,-3.7671765993176916,-5.286380966581872
11.510067172812644,137.17997116285548,-5.960399999999993,490,5,0.029390336689449636,0.01020408163265306,-2.540943917609316,-2.933366532357506
11.510067172812644,137.17997116285548,-0.9603999999999928,478,0,0.030101338561027053,0.0,-3.8516221229974126,-5.405449427709227
11.510067172812644,147.17997116285548,-5.960399999999993,8566,94,0.028612801892467763,0.010973616623861778,-9.912516295336776,-11.32009903963743
11.510067172812644,152.17997116285548,-5.960399999999993,1796,21,0.028231557277524744,0.011692650334075724,-4.29110969699941,-4.857980713983106
11.510067172812644,157.17997116285548,-5.960399999999993,2060,26,0.027855246800492103,0.01262135922330097,-4.271797743802817,-4.78547107111253
11.510067172812644,162.17997116285548,-5.960399999999993,2262,0,0.027483810462514496,0.0,-7.995329249959095,-11.228417014453113
11.510067172812644,167.17997116285548,-5.960399999999993,2546,0,0.027117188891885125,0.0,-8.42405643503144,-11.831629454162783
11.510067172812644,172.17997116285548,-5.960399999999993,1397,6,0.026755323340271846,0.004294917680744453,-5.2177746508816965,-6.46492613779033
11.510067172812644,172.17997116285548,4.039600000000007,3312,0,0.027877386973619304,0.0,-9.745646921113185,-13.685122829595036
11.510067172812644,172.17997116285548,9.039600000000007,3092,5,0.027217441333977823,0.0016170763260025874,-8.756479023366836,-11.506743357514326
11.510067172812644,177.17997116285548,-5.960399999999993,1638,43,0.026398155678881183,0.026251526251526252,-0.2092358046681247,-0.2103011925764367
11.510067172812644,177.17997116285548,4.039600000000007,1624,0,0.02750566376020297,0.0,-6.777359716574296,-9.517880913028138
11.510067172812644,182.17997116285548,-5.960399999999993,1674,25,0.026045628394565805,0.014934289127837515,-2.9324571135406257,-3.189899405569584
11.510067172812644,187.17997116285548,-5.960399999999993,714,0,0.025697684585877796,0.0,-4.339595355321311,-6.097215360723166
11.510067172812644,187.17997116285548,-0.9603999999999928,3259,6,0.02632177753139596,0.001841055538508745,-8.738974963898302,-11.398771391310332
11.510067172812644,187.17997116285548,9.039600000000007,6300,134,0.026142025719811394,0.02126984126984127,-2.6720225923166208,-2.7686228481563133
11.510067172812644,192.17997116285548,-5.960399999999993,759,0,0.025354267959069438,0.0,-4.443477989080986,-6.243724906809609
11.510067172812644,192.17997116285548,4.039600000000007,2382,11,0.02641916918671792,0.004617968094038623,-6.6562380769401726,-8.193392276692936
11.510067172812644,197.17997116285548,-5.960399999999993,5291,77,0.02501532282404725,0.014553014553014554,-5.006242534581321,-5.435424853628938
11.510067172812644,202.17997116285548,-5.960399999999993,3406,5,0.02468079409027897,0.001467997651203758,-8.73887702453452,-11.489407767765114
11.510067172812644,202.17997116285548,-0.9603999999999928,6899,28,0.02528083168044405,0.0040585592114799245,-11.260680547216245,-13.955652654445766
11.510067172812644,202.17997116285548,4.039600000000007,2829,0,0.02571815523245457,0.0,-8.64159832023016,-12.14154863335732
11.510067172812644,207.17997116285548,-5.960399999999993,966,0,0.024350627262658815,0.0,-4.91017255871414,-6.901280771397965
11.510067172812644,207.17997116285548,-0.9603999999999928,5691,10,0.024942843144511975,0.0017571604287471446,-11.227036207046112,-14.643249365491071
11.510067172812644,212.17997116285548,-5.960399999999993,1079,7,0.024024768437332675,0.006487488415199258,-3.7832274594992263,-4.483764424587964
11.510067172812644,212.17997116285548,-0.9603999999999928,7210,21,0.02460925921313409,0.002912621359223301,-11.913032284052411,-15.08684782848231
11.510067172812644,217.17997116285548,-5.960399999999993,1245,5,0.0237031642974851,0.004016064257028112,-4.579276644308466,-5.65318568797656
11.510067172812644,222.17997116285548,-5.960399999999993,1499,10,0.023385762109092767,0.0066711140760507,-4.307762212576417,-5.078380130321768
11.510067172812644,222.17997116285548,4.039600000000007,2582,8,0.024370051690369928,0.003098373353989156,-7.023865721396699,-8.853325243502733
11.510067172812644,227.17997116285548,-5.960399999999993,1900,58,0.02307250971664426,0.030526315789473683,1.9303651179049228,1.8503835458433306
11.510067172812644,227.17997116285548,-0.9603999999999928,5604,6,0.023634394320774677,0.0010706638115631692,-11.125919149790946,-14.796462437167191
11.510067172812644,232.17997116285548,-5.960399999999993,8645,56,0.022763355538831055,0.006477732793522267,-10.211306421974081,-12.04182987505299
11.510067172812644,232.17997116285548,-0.9603999999999928,2984,11,0.02331789101688049,0.003686327077747989,-7.124124066921301,-8.842388265513732
11.510067172812644,237.17997116285548,-5.960399999999993,6869,285,0.022458248564210602,0.04149075556849614,9.921075493560366,8.95864441678036
11.510067172812644,252.17997116285548,4.039600000000007,3095,66,0.02247619822233841,0.021324717285945073,-0.6056455827999362,-0.6128687006560267
11.510067172812644,257.1799711628555,4.039600000000007,3168,17,0.022174852803159097,0.005366161616161616,-6.453080017722095,-7.729763359010812
11.510067172812644,262.1799711628555,4.039600000000007,4897,117,0.021877457193903226,0.023892178885031652,0.7053716253750634,0.6979222314757467
12.010067172812644,37.179971162855495,-45.96039999999999,509,18,0.030688209444746196,0.03536345776031434,0.4615197192882469,0.4534797615059879
12.010067172812644,42.179971162855495,-35.96039999999999,508,21,0.03242683707063018,0.04133858267716536,0.9440830185018423,0.9128471407018192
12.010067172812644,52.179971162855495,-25.960399999999993,924,7,0.03380660745190639,0.007575757575757576,-4.438093302952876,-5.3443728280154605
12.010067172812644,57.179971162855495,-0.9603999999999928,450,57,0.039553635016623505,0.12666666666666668,8.418550007743077,6.933474742555772
12.010067172812644,62.179971162855495,-0.9603999999999928,761,140,0.039032469522218616,0.18396846254927726,18.032795092385964,13.798350757748143
12.010067172812644,67.1799711628555,-5.960399999999993,484,112,0.03722971229751302,0.23140495867768596,19.43124667145894,14.066505618505223
12.010067172812644,67.1799711628555,4.039600000000007,463,97,0.0389273014966632,0.20950323974082075,16.4294363662833,12.257346871032883
12.010067172812644,67.1799711628555,9.039600000000007,2597,16,0.03762596193701207,0.0061609549480169425,-8.462567920439989,-10.449860613326743
12.010067172812644,77.1799711628555,-0.9603999999999928,637,5,0.037508218564261564,0.007849293563579277,-3.9632859879897873,-4.79835326318336
12.010067172812644,77.1799711628555,4.039600000000007,729,0,0.037907315737543065,0.0,-5.3594080508877795,-7.506241594654564
12.010067172812644,82.1799711628555,-0.9603999999999928,2772,64,0.03701296522041948,0.023088023088023088,-4.074859564155853,-4.383749151636061
12.010067172812644,82.1799711628555,4.039600000000007,1018,0,0.037406997572272054,0.0,-6.289685998693927,-8.810316025869616
12.010067172812644,87.1799711628555,-0.9603999999999928,2682,24,0.03652400298600854,0.008948545861297539,-7.668760077257402,-9.157347973416117
12.010067172812644,87.1799711628555,4.039600000000007,1612,0,0.0369130294793221,0.0,-7.860308831511769,-11.011796712790987
12.010067172812644,92.1799711628555,-5.960399999999993,2609,262,0.03483290249932533,0.1004216174779609,16.488768566742614,13.796622131706991
12.010067172812644,92.1799711628555,-0.9603999999999928,2279,89,0.03604125846421467,0.03905221588415972,0.4028878284757598,0.40016888997143785
12.010067172812644,92.1799711628555,4.039600000000007,1229,11,0.0364253375153121,0.008950366151342554,-5.179130411083456,-6.1828900897535375
12.010067172812644,97.1799711628555,-0.9603999999999928,2315,66,0.035564658942889286,0.028509719222462204,-2.066990940025664,-2.1479375288794915
12.010067172812644,97.1799711628555,4.039600000000007,1165,0,0.035943848422783684,0.0,-6.59058680715027,-9.235332613244514
12.010067172812644,102.1799711628555,-5.960399999999993,1641,0,0.03391641348204023,0.0,-7.590176925125659,-10.641670335381844
12.010067172812644,102.1799711628555,-0.9603999999999928,519,5,0.03509413239283576,0.009633911368015413,-3.1785812940232723,-3.7559029022484327
12.010067172812644,102.1799711628555,4.039600000000007,822,0,0.035468489628607366,0.0,-5.497927976169167,-7.705154469634333
12.010067172812644,122.1799711628555,-5.960399999999993,1868,19,0.03215275271640491,0.010171306209850108,-5.438115800934727,-6.337854153472512
12.010067172812644,127.17997116285548,-5.960399999999993,840,20,0.03172588135178303,0.023809523809523808,-1.4171965358532053,-1.4862521384708869
12.010067172812644,132.17997116285548,-5.960399999999993,875,6,0.03130449397739928,0.006857142857142857,-4.174953000541807,-5.039441117823617
12.010067172812644,137.17997116285548,-5.960399999999993,1042,34,0.030888524980945777,0.03262955854126679,0.13460825975987425,0.13411378029208584
12.010067172812644,142.17997116285548,-5.960399999999993,1016,15,0.030477909407066447,0.014763779527559055,-2.975393678724733,-3.3059596450598407
12.010067172812644,142.17997116285548,4.039600000000007,705,13,0.031877825559076374,0.018439716312056736,-2.100627515708279,-2.2823223768103733
12.010067172812644,147.17997116285548,-5.960399999999993,849,43,0.03007258295425954,0.050647820965842166,3.171127852394712,2.921486567844618
12.010067172812644,147.17997116285548,4.039600000000007,4878,13,0.031454485601119686,0.0026650266502665026,-11.538194789288312,-14.885855788506746
12.010067172812644,152.17997116285548,-5.960399999999993,685,0,0.029672481971686322,0.0,-4.576811743467085,-6.423909660120472
12.010067172812644,157.17997116285548,-5.960399999999993,619,0,0.029277543455892906,0.0,-4.320809342592002,-6.065210546863443
12.010067172812644,162.17997116285548,-5.960399999999993,661,0,0.0288877050474476,0.0,-4.434273987109403,-6.22511115591618
12.010067172812644,162.17997116285548,4.039600000000007,2794,9,0.030216856148471485,0.0032211882605583395,-8.352375849025718,-10.636296765792606
12.010067172812644,167.17997116285548,-5.960399999999993,707,0,0.02850290502749686,0.0,-4.554424600414532,-6.394422459618658
12.010067172812644,167.17997116285548,4.039600000000007,1588,0,0.029814894685343016,0.0,-6.985774900115564,-9.804714376774365
12.010067172812644,172.17997116285548,-5.960399999999993,2283,0,0.028123082314245845,0.0,-8.127908032720336,-11.4127218596712
12.010067172812644,172.17997116285548,4.039600000000007,5689,70,0.029418118134298447,0.01230444717876604,-7.753040730682854,-8.76656693611276
12.010067172812644,177.17997116285548,-5.960399999999993,3344,0,0.027748176459364306,0.0,-9.769244409261828,-13.718717077283438
12.010067172812644,177.17997116285548,-0.9603999999999928,2723,7,0.02871807551023809,0.002570694087403599,-8.182173302534608,-10.530119935747642
12.010067172812644,177.17997116285548,4.039600000000007,1624,42,0.02902646390610353,0.02586206896551724,-0.927872562328016,-0.9487722292759386
12.010067172812644,182.17997116285548,-5.960399999999993,877,0,0.027378127644323732,0.0,-4.968549864595538,-6.977883048402783
12.010067172812644,182.17997116285548,-0.9603999999999928,1446,10,0.028335469118222212,0.006915629322268326,-4.936685812290384,-5.903725249018872
12.010067172812644,182.17997116285548,4.039600000000007,1673,172,0.028639870053341863,0.10280932456664674,16.632388051963606,13.258194468631647
12.010067172812644,187.17997116285548,-5.960399999999993,2850,26,0.02701287667666815,0.009122807017543859,-5.945179956786431,-6.885267073137593
12.010067172812644,187.17997116285548,-0.9603999999999928,1355,22,0.02795781340486605,0.016236162361623615,-2.6969182200411645,-2.928759169021364
12.010067172812644,187.17997116285548,4.039600000000007,843,130,0.028258275266922695,0.1542111506524318,19.830748189430256,14.50666456848772
12.010067172812644,192.17997116285548,-5.960399999999993,2891,7,0.02665236498622117,0.002421307506053269,-8.100736485620038,-10.421032011229597
12.010067172812644,197.17997116285548,-5.960399999999993,7193,15,0.026296534621234446,0.0020853607674127623,-12.848086574164826,-16.65229116185441
12.010067172812644,202.17997116285548,-5.960399999999993,5711,253,0.025945328244478472,0.04430047277184381,8.003792225097342,7.343405552893034
12.010067172812644,207.17997116285548,4.039600000000007,8169,225,0.02678068274248054,0.027543150936467132,0.013721019396404823,0.013719012437161593
12.010067172812644,207.17997116285548,9.039600000000007,2177,18,0.025874472421792704,0.008268259072117593,-5.21566048216269,-6.076361089194392
12.010067172812644,212.17997116285548,4.039600000000007,5767,206,0.02642318573917353,0.03572047858505289,3.8863468650380435,3.715129065515866
12.010067172812644,212.17997116285548,9.039600000000007,2028,342,0.025528755155641545,0.16863905325443787,36.66063926470302,25.643120135371728
12.010067172812644,217.17997116285548,4.039600000000007,3019,175,0.02607033314792511,0.057966213978138455,10.18622509903842,8.90051594405359
12.010067172812644,217.17997116285548,9.039600000000007,1753,504,0.02518753769295622,0.2875071306332002,60.06697209880154,37.45787973825967
12.010067172812644,222.17997116285548,4.039600000000007,9624,254,0.025722068024288492,0.026392352452202825,-0.005249135325860336,-0.00524941205199962
12.010067172812644,227.17997116285548,4.039600000000007,3362,411,0.02537833403180128,0.12224866151100536,32.633129627651364,24.389542933582884
12.010067172812644,232.17997116285548,-5.960399999999993,3537,137,0.02393205927263419,0.038733389878428046,5.2972248715934445,4.903182033267833
12.010067172812644,232.17997116285548,4.039600000000007,8012,110,0.0250390754379415,0.013729405891163254,-6.630723023303028,-7.254923110757143
12.010067172812644,237.17997116285548,-5.960399999999993,17224,779,0.02361166614650912,0.045227589410125404,17.372288921544367,15.5905707177133
12.010067172812644,242.17997116285548,-5.960399999999993,1875,0,0.02329545994813099,0.0,-6.687359606549652,-9.40167967324543
12.010067172812644,242.17997116285548,-0.9603999999999928,1428,55,0.02411358057799633,0.03851540616246499,3.2568223649628005,3.0218857561608425
12.010067172812644,247.17997116285548,-0.9603999999999928,4542,106,0.023790816547543392,0.023337736679876705,-0.4407875341337893,-0.4438086834151817
12.010067172812644,257.1799711628555,4.039600000000007,5441,681,0.023408004566890538,0.12516081602646573,45.45184578888942,33.12538463475271
12.010067172812644,262.1799711628555,4.039600000000007,4846,829,0.02309446128209353,0.17106892282294675,61.68140927775682,41.883180262622666
12.510067172812644,57.179971162855495,-5.960399999999993,604,64,0.041285035367221744,0.10596026490066225,7.083202571395375,6.084848803973517
12.510067172812644,57.179971162855495,4.039600000000007,653,35,0.043364904273238844,0.05359877488514548,0.9667834417416861,0.9419287755512674
12.510067172812644,62.179971162855495,4.039600000000007,544,28,0.04279575846075723,0.051470588235294115,0.7273507601122396,0.7116304376207525
12.510067172812644,67.1799711628555,4.039600000000007,753,0,0.04223375266523461,0.0,-5.762322492358153,-8.061402260581279
12.510067172812644,72.1799711628555,-0.9603999999999928,1709,116,0.041557807806269616,0.06787595084844938,4.709996206319688,4.381507432826788
12.510067172812644,72.1799711628555,4.039600000000007,787,0,0.04167880592625791,0.0,-5.850452447523783,-8.18588853843314
12.510067172812644,77.1799711628555,-0.9603999999999928,1224,16,0.04101136258777471,0.013071895424836602,-4.990959787117067,-5.806550065644129
12.510067172812644,77.1799711628555,4.039600000000007,1153,61,0.04113083797578675,0.05290546400693842,1.5994235876059184,1.5475854269541012
12.510067172812644,82.1799711628555,-5.960399999999993,490,5,0.038637625612899525,0.01020408163265306,-3.2942479768690918,-3.9051950039052907
12.510067172812644,82.1799711628555,-0.9603999999999928,1864,0,0.04047179919041147,0.0,-8.86686993788402,-12.410358554635826
12.510067172812644,82.1799711628555,4.039600000000007,1212,92,0.04058976923839636,0.07590759075907591,5.482827856575901,4.9812693437956606
12.510067172812644,87.1799711628555,-5.960399999999993,1462,138,0.03812805047780693,0.09439124487004104,10.051300905192473,8.673317132840463
12.510067172812644,87.1799711628555,-0.9603999999999928,2582,145,0.039939038883582356,0.05615801704105345,3.528993560235642,3.364320220845606
12.510067172812644,87.1799711628555,4.039600000000007,1378,102,0.04005552083131159,0.07402031930333818,5.662706698043307,5.154157716657675
12.510067172812644,92.1799711628555,4.039600000000007,2031,52,0.03952801456423951,0.025603151157065487,-3.4113875474805466,-3.6517942349382086
12.510067172812644,97.1799711628555,-5.960399999999993,788,27,0.037128197911494014,0.03426395939086294,-0.6038561860572603,-0.6147817203761112
12.510067172812644,97.1799711628555,4.039600000000007,1102,30,0.039007172939005325,0.02722323049001815,-2.173144994923067,-2.302956878882947
12.510067172812644,102.1799711628555,-5.960399999999993,1115,9,0.036637771304925924,0.008071748878923767,-5.109225736501015,-6.15916333365014
12.510067172812644,102.1799711628555,-0.9603999999999928,1461,34,0.03838079958397872,0.02327173169062286,-3.147402239194367,-3.398644954359708
12.510067172812644,107.1799711628555,-0.9603999999999928,796,8,0.03787447817446801,0.010050251256281407,-4.147821183214077,-4.9153510900581185
12.510067172812644,127.17997116285548,-5.960399999999993,511,84,0.034277713260124264,0.1643835616438356,14.33174564155408,10.858768095874456
12.510067172812644,132.17997116285548,-5.960399999999993,532,191,0.03382361608750022,0.35902255639097747,34.263016363874,22.257540373494905
12.510067172812644,132.17997116285548,-0.9603999999999928,828,76,0.03543768690373696,0.09178743961352658,7.9089426435852355,6.755480341623344
12.510067172812644,137.17997116285548,-0.9603999999999928,2391,5,0.034968779306658024,0.002091175240485153,-8.761738567911323,-11.4907228195112
12.510067172812644,142.17997116285548,-0.9603999999999928,953,19,0.03450585428517517,0.01993704092339979,-2.555058282449967,-2.7764097204636933
12.510067172812644,147.17997116285548,-0.9603999999999928,1003,40,0.03404884135232032,0.03988035892323031,0.7661094540137278,0.7513180282760179
12.510067172812644,147.17997116285548,4.039600000000007,4333,162,0.03414875561338081,0.03738749134548811,0.6982004978161499,0.6921239416430466
12.510067172812644,152.17997116285548,-0.9603999999999928,3348,13,0.03359767069749134,0.003882915173237754,-9.565161319246746,-12.11119446572369
12.510067172812644,152.17997116285548,4.039600000000007,1176,143,0.03369630720978161,0.12159863945578231,15.038565060721805,12.038710368208626
12.510067172812644,157.17997116285548,-0.9603999999999928,2438,42,0.03315227318415452,0.017227235438884332,-4.510815025356573,-4.968227040243407
12.510067172812644,157.17997116285548,4.039600000000007,1866,111,0.033249647081088206,0.0594855305466238,5.67822759630047,5.182348449985448
12.510067172812644,162.17997116285548,-0.9603999999999928,1628,52,0.032712580347423484,0.03194103194103194,-0.4055844887035295,-0.40918065042818824
12.510067172812644,162.17997116285548,4.039600000000007,775,39,0.03280870661504981,0.05032258064516129,2.418912267507548,2.26742917728274
12.510067172812644,167.17997116285548,-0.9603999999999928,1896,0,0.03227852439151734,0.0,-7.952447549645457,-11.154334537209573
12.510067172812644,172.17997116285548,-0.9603999999999928,4941,68,0.03185003818710605,0.013762396276057479,-7.365362240374749,-8.295444313694345
12.510067172812644,172.17997116285548,4.039600000000007,1437,10,0.03194371356767418,0.006958942240779402,-5.415041521999642,-6.538819162220041
12.510067172812644,177.17997116285548,-0.9603999999999928,1475,5,0.03142705526854372,0.003389830508474576,-6.184793812504318,-7.8684209852262335
12.510067172812644,177.17997116285548,4.039600000000007,1055,11,0.03151952709957199,0.01042654028436019,-3.9617860458231173,-4.596196961867284
12.510067172812644,182.17997116285548,-0.9603999999999928,4736,35,0.03100950983099719,0.007390202702702703,-9.433228765176782,-11.301540707672402
12.510067172812644,187.17997116285548,-0.9603999999999928,2190,15,0.030597336727473237,0.00684931506849315,-6.487674817402104,-7.816903268988561
12.510067172812644,192.17997116285548,-0.9603999999999928,1005,19,0.030190471465747003,0.01890547263681592,-2.1760429180946983,-2.339642182112849
12.510067172812644,197.17997116285548,-5.960399999999993,3852,31,0.028424483529924143,0.008047767393561786,-7.664794774213931,-9.037190685770936
12.510067172812644,197.17997116285548,-0.9603999999999928,1763,0,0.029788850205198975,0.0,-7.357324236750508,-10.326263057370848
12.510067172812644,197.17997116285548,9.039600000000007,1591,54,0.02850838055088995,0.0339409176618479,1.0524384677884187,1.0281616833415805
12.510067172812644,202.17997116285548,-5.960399999999993,2114,6,0.0280456756739579,0.002838221381267739,-7.032008852875937,-8.987033270703655
12.510067172812644,202.17997116285548,-0.9603999999999928,4620,9,0.02939240975356099,0.001948051948051948,-11.056486924374246,-14.44954263470074
12.510067172812644,202.17997116285548,9.039600000000007,2218,209,0.028128486984783267,0.09422903516681695,17.277498313859674,13.95717887687951
12.510067172812644,207.17997116285548,-5.960399999999993,2455,17,0.027671772338089384,0.006924643584521385,-6.303082552447842,-7.520979742028769
12.510067172812644,207.17997116285548,-0.9603999999999928,3062,0,0.029001087563577894,0.0,-9.56313669790642,-13.424935598699037
12.510067172812644,207.17997116285548,4.039600000000007,895,0,0.029086635524608634,0.0,-5.178071256654966,-7.268926152904055
12.510067172812644,207.17997116285548,9.039600000000007,2120,244,0.027753511138284653,0.11509433962264151,22.335789804517486,17.274294693758485
12.510067172812644,212.17997116285548,-5.960399999999993,5080,24,0.027302713832694916,0.004724409448818898,-9.907908649421067,-12.203928512254603
12.510067172812644,212.17997116285548,-0.9603999999999928,7314,42,0.02861482172958759,0.005742411812961444,-11.783210381344126,-14.336477360359972
12.510067172812644,212.17997116285548,4.039600000000007,5600,19,0.028699263953319322,0.0033928571428571428,-11.36696712745906,-14.385145797551822
12.510067172812644,212.17997116285548,9.039600000000007,2885,133,0.027383393183872534,0.04610051993067591,5.616749621945343,5.16939329936657
12.510067172812644,217.17997116285548,-0.9603999999999928,924,58,0.02823355098402219,0.06277056277056277,5.8325668763801435,5.103001009099242
12.510067172812644,217.17997116285548,4.039600000000007,3947,15,0.028316900877997438,0.003800354699771979,-9.308637930857465,-11.681253529261987
12.510067172812644,222.17997116285548,-0.9603999999999928,12481,19,0.027857214693836403,0.0015223139171540742,-17.893321950092904,-23.59558146542508
12.510067172812644,222.17997116285548,4.039600000000007,3476,10,0.027939485526486396,0.0028768699654775605,-8.98208605515878,-11.467556088911133
12.510067172812644,227.17997116285548,-0.9603999999999928,5980,257,0.027485752856863704,0.042976588628762545,6.627332416991764,6.180084009059
12.510067172812644,232.17997116285548,-5.960399999999993,1001,5,0.02587375612850695,0.004995004995004995,-4.176209153849353,-5.099836012073386
12.510067172812644,232.17997116285548,-0.9603999999999928,1531,47,0.027119106098106256,0.03069888961463096,0.6518587041141949,0.6418842074870553
12.510067172812644,247.17997116285548,-0.9603999999999928,8934,139,0.026047471868995316,0.015558540407432282,-6.415253739153664,-6.9409708028796775
12.510067172812644,257.1799711628555,4.039600000000007,9164,238,0.025431141180857233,0.025971191619380184,-0.07229498978373426,-0.07234925687228501
12.510067172812644,262.1799711628555,4.039600000000007,2383,358,0.02509119483269733,0.15023080151070078,35.32146406586839,25.203748772917578
13.010067172812644,47.179971162855495,-5.960399999999993,465,9,0.04697119239446848,0.01935483870967742,-2.8795713099790117,-3.2574069473815466
13.010067172812644,52.179971162855495,4.039600000000007,1288,118,0.04894568906622784,0.09161490683229814,6.079345582146141,5.542907125136503
13.010067172812644,57.179971162855495,-5.960399999999993,460,7,0.04575047133630653,0.015217391304347827,-3.181505213874865,-3.6833415704065793
13.010067172812644,57.179971162855495,-0.9603999999999928,495,0,0.04859097511714897,0.0,-5.02801741638516,-7.022328462850768
13.010067172812644,62.179971162855495,-0.9603999999999928,511,0,0.04795667781516401,0.0,-5.073488022312911,-7.087024973960029
13.010067172812644,62.179971162855495,4.039600000000007,709,86,0.047676220437585425,0.12129760225669958,8.005617847298856,6.917511414761654
13.010067172812644,67.1799711628555,4.039600000000007,1295,93,0.04705327360775394,0.07181467181467181,3.5099414465156906,3.3085227281236556
13.010067172812644,72.1799711628555,-5.960399999999993,765,318,0.043975882117591014,0.41568627450980394,40.06906292730555,27.285795951793343
13.010067172812644,72.1799711628555,-0.9603999999999928,1073,18,0.0467116005726822,0.016775396085740912,-4.729131004393138,-5.43072553905626
13.010067172812644,72.1799711628555,4.039600000000007,1702,34,0.04643806941532374,0.0199764982373678,-5.316834787033301,-5.985504864026308
13.010067172812644,77.1799711628555,-5.960399999999993,1550,96,0.04339908126738789,0.06193548387096774,2.9716535271322373,2.828939467842872
13.010067172812644,82.1799711628555,-5.960399999999993,1214,275,0.04282950697889042,0.22652388797364087,27.035575208288968,20.354735299476268
13.010067172812644,82.1799711628555,-0.9603999999999928,2579,161,0.045497303899218904,0.06242729740209384,3.3311716055944642,3.193417753782246
13.010067172812644,82.1799711628555,4.039600000000007,750,0,0.04523054597571446,0.0,-5.960700332058747,-8.33235054267401
13.010067172812644,87.1799711628555,-5.960399999999993,790,60,0.04226707755851709,0.0759493670886076,4.10390356432556,3.757075926255087
13.010067172812644,87.1799711628555,-0.9603999999999928,1967,14,0.0449014848692493,0.0071174377224199285,-8.131563253726448,-10.052750862325945
13.010067172812644,87.1799711628555,4.039600000000007,1328,0,0.04463805695671323,0.0,-7.8771245053743275,-11.01300471291351
13.010067172812644,92.1799711628555,-5.960399999999993,826,0,0.041711712004567116,0.0,-5.996128634171553,-8.389644520085946
13.010067172812644,92.1799711628555,4.039600000000007,732,0,0.04405297103509007,0.0,-5.8079949279365675,-8.121407808603667
13.010067172812644,97.1799711628555,4.039600000000007,546,19,0.043475205044292135,0.0347985347985348,-1.1477682807789806,-1.1936556071208504
13.010067172812644,102.1799711628555,-0.9603999999999928,695,0,0.04315833712666902,0.0,-5.598925842142799,-7.830908014881609
13.010067172812644,107.1799711628555,-0.9603999999999928,686,90,0.04259178171441659,0.13119533527696792,10.123765214107497,8.420149721547528
13.010067172812644,112.1799711628555,-0.9603999999999928,653,35,0.042032336973220424,0.05359877488514548,1.1554929653374446,1.1198467914949704
13.010067172812644,112.1799711628555,4.039600000000007,812,137,0.041785005348708444,0.1687192118226601,15.79222873656718,12.482966299624337
13.010067172812644,117.1799711628555,-5.960399999999993,476,251,0.03903805564474921,0.5273109243697479,42.628346656689935,26.999273335704647
13.010067172812644,117.1799711628555,-0.9603999999999928,689,58,0.041479922192908664,0.0841799709724238,4.956978428479748,4.441445270119519
13.010067172812644,117.1799711628555,4.039600000000007,582,35,0.04123570123113313,0.06013745704467354,1.935140011737669,1.8344494718148077
13.010067172812644,122.1799711628555,-5.960399999999993,469,105,0.03852341103166637,0.22388059701492538,17.97635746880139,13.209490238365929
13.010067172812644,122.1799711628555,-0.9603999999999928,718,64,0.04093445735579462,0.08913649025069638,5.77340571465981,5.10740783403246
13.010067172812644,127.17997116285548,-0.9603999999999928,1086,133,0.04039586313684301,0.12246777163904236,12.1844815582098,10.145246237880071
13.010067172812644,132.17997116285548,-0.9603999999999928,1109,23,0.03986406090363091,0.020739404869251576,-3.3614360863102783,-3.700967753603485
13.010067172812644,137.17997116285548,-0.9603999999999928,1101,0,0.03933897271610821,0.0,-6.714598988271129,-9.400761797718292
13.010067172812644,142.17997116285548,-0.9603999999999928,622,0,0.038820521326164224,0.0,-5.012145028581314,-7.01819717251452
13.010067172812644,142.17997116285548,4.039600000000007,675,0,0.03859132769314431,0.0,-5.2052636162108765,-7.289046517726958
13.010067172812644,147.17997116285548,-0.9603999999999928,690,0,0.03830863017700764,0.0,-5.242699884601389,-7.342012505370141
13.010067172812644,162.17997116285548,-0.9603999999999928,586,9,0.03681156295805486,0.015358361774744027,-2.8091854817534596,-3.1756919401801045
13.010067172812644,167.17997116285548,-0.9603999999999928,613,43,0.0363251609987742,0.0701468189233279,4.000524092605117,3.6069868804416507
13.010067172812644,172.17997116285548,-0.9603999999999928,645,131,0.03584494683198871,0.20310077519379846,19.92486740571995,14.647858724825198
13.010067172812644,172.17997116285548,4.039600000000007,954,294,0.035632669519704445,0.3081761006289308,38.10401986107185,25.831647365072
13.010067172812644,177.17997116285548,-0.9603999999999928,673,42,0.0353708480260142,0.06240713224368499,3.3831124883604464,3.098035679444445
13.010067172812644,177.17997116285548,4.039600000000007,9259,25,0.035161275982533616,0.002700075602116859,-16.985163394008012,-22.009962316056438
13.010067172812644,182.17997116285548,-0.9603999999999928,565,6,0.034902792831373056,0.010619469026548672,-3.1761550075133114,-3.7152203077227925
13.010067172812644,182.17997116285548,4.039600000000007,7686,107,0.03469589426421858,0.013921415560759823,-10.113209437567892,-11.485270695869707
13.010067172812644,187.17997116285548,4.039600000000007,833,8,0.03423645359843868,0.009603841536614645,-3.94308726582314,-4.650006780421833
13.010067172812644,192.17997116285548,9.039600000000007,1899,190,0.03177910880865695,0.10005265929436545,15.41836763851926,12.651791371774262
13.010067172812644,202.17997116285548,-0.9603999999999928,1421,10,0.03308959694267873,0.007037297677691766,-5.520088506418895,-6.678443888761891
13.010067172812644,207.17997116285548,-0.9603999999999928,3216,316,0.032650707298032225,0.09825870646766169,18.99987813097864,15.73951564056996
13.010067172812644,212.17997116285548,-0.9603999999999928,3085,328,0.032217444977488296,0.10632090761750405,21.136705293123658,17.192697644210398
13.010067172812644,217.17997116285548,-0.9603999999999928,2156,42,0.031789742945971006,0.01948051948051948,-3.3888694964242316,-3.654226572909997
13.010067172812644,222.17997116285548,-0.9603999999999928,772,0,0.0313675348316886,0.0,-4.999992284049467,-7.014793606055455
13.010067172812644,222.17997116285548,4.039600000000007,2131,0,0.031180915674260245,0.0,-8.281610761077804,-11.619338521475617
13.010067172812644,227.17997116285548,4.039600000000007,2934,0,0.03076653661206433,0.0,-9.650618770821463,-13.541551392196885
13.010067172812644,232.17997116285548,4.039600000000007,3737,0,0.030357491888228814,0.0,-10.816547694970568,-15.179168446765855
13.010067172812644,237.17997116285548,4.039600000000007,3553,0,0.029953717394012768,0.0,-10.474341755332965,-14.700478924190397
13.010067172812644,242.17997116285548,-0.9603999999999928,1196,34,0.02973233716156762,0.028428093645484948,-0.4315699126165715,-0.43662173802267124
13.010067172812644,242.17997116285548,4.039600000000007,2619,18,0.029555149670377607,0.006872852233676976,-6.8918753788200195,-8.276945196089788
13.010067172812644,247.17997116285548,-0.9603999999999928,2233,0,0.02933662606392672,0.0,-8.215142909977727,-11.531591775235698
13.010067172812644,247.17997116285548,4.039600000000007,3676,98,0.029161725904684067,0.02665941240478781,-1.1663663217126239,-1.188033514566806
13.010067172812644,252.17997116285548,4.039600000000007,12836,1030,0.028773383927304347,0.08024306637581802,32.05659955202846,26.865165201666905
13.010067172812644,257.1799711628555,4.039600000000007,2513,102,0.028390062208155993,0.04058893752487067,3.26854351126814,3.09661537742788
13.510067172812644,37.179971162855495,4.039600000000007,464,14,0.05807798954075156,0.03017241379310345,-2.6911108786290865,-2.9615141138532395
13.510067172812644,47.179971162855495,4.039600000000007,724,58,0.05658575564513772,0.08011049723756906,2.128102897878708,2.0361734126786306
13.510067172812644,52.179971162855495,4.039600000000007,481,40,0.0558532226800884,0.08316008316008316,2.0796130100231016,1.973578733392036
13.510067172812644,67.1799711628555,-5.960399999999993,724,58,0.050573375250661634,0.08011049723756906,3.0111990562683077,2.8244809157426616
13.510067172812644,72.1799711628555,-5.960399999999993,679,0,0.0499145577284324,0.0,-5.972651421500921,-8.338714636664033
13.510067172812644,72.1799711628555,4.039600000000007,662,39,0.053011437247063704,0.05891238670694864,0.309999810709456,0.30763530023133673
13.510067172812644,77.1799711628555,-5.960399999999993,855,16,0.049263877274721916,0.01871345029239766,-4.213000976968115,-4.807817242035313
13.510067172812644,77.1799711628555,4.039600000000007,520,15,0.05232260949365098,0.028846153846153848,-2.5225750073286157,-2.7565626119697986
13.510067172812644,82.1799711628555,-0.9603999999999928,1258,22,0.05245257419502197,0.017488076311605722,-5.659341552955725,-6.5456930338792505
13.510067172812644,82.1799711628555,4.039600000000007,673,83,0.051642244227210796,0.12332838038632987,7.224253068650798,6.327299155175985
13.510067172812644,87.1799711628555,-0.9603999999999928,956,62,0.0517706112829536,0.06485355648535565,1.3152090036299158,1.281136875884477
13.510067172812644,87.1799711628555,4.039600000000007,746,182,0.05097025010802351,0.24396782841823056,20.104535694215055,15.582910399840179
13.510067172812644,92.1799711628555,-0.9603999999999928,1784,93,0.05109703678785835,0.052130044843049325,-0.30494634713796986,-0.3064239717576198
13.510067172812644,92.1799711628555,4.039600000000007,714,161,0.05030653645418743,0.22549019607843138,18.092986858712145,14.174155003788188
13.510067172812644,97.1799711628555,-0.9603999999999928,1046,159,0.05043175990275714,0.15200764818355642,12.931064312381299,10.866421177627617
13.510067172812644,97.1799711628555,4.039600000000007,2415,32,0.04965101324591492,0.013250517598343685,-8.328775716925398,-9.849243618404172
13.510067172812644,102.1799711628555,-0.9603999999999928,537,54,0.04977469048199493,0.1005586592178771,4.649715168181339,4.18650951386124
13.510067172812644,102.1799711628555,4.039600000000007,854,27,0.04900359112950986,0.03161592505854801,-2.5239269708291907,-2.7035368993576063
13.510067172812644,107.1799711628555,-0.9603999999999928,773,71,0.04912573904527814,0.09184993531694696,4.704266847844367,4.290306618363447
13.510067172812644,107.1799711628555,4.039600000000007,2083,54,0.04836418142103447,0.025924147863658185,-4.976511761928997,-5.457603882879989
13.510067172812644,117.1799711628555,-0.9603999999999928,463,0,0.047851835551659234,0.0,-4.823780405253484,-6.738401842728422
13.510067172812644,122.1799711628555,-0.9603999999999928,501,0,0.04722670789298653,0.0,-4.98331008565261,-6.962402521580688
13.510067172812644,142.17997116285548,4.039600000000007,992,6,0.044105353502158474,0.006048387096774193,-5.860889523469649,-7.322276689002269
13.510067172812644,147.17997116285548,4.039600000000007,654,94,0.043526931783352256,0.1437308868501529,11.01027382423811,9.048813148180567
13.510067172812644,157.17997116285548,4.039600000000007,862,42,0.04239174105599859,0.048723897911832945,0.6071236188823277,0.5981988666758294
13.510067172812644,167.17997116285548,4.039600000000007,1525,50,0.04128487841752213,0.03278688524590164,-1.902811875971337,-1.9807820695228917
13.510067172812644,187.17997116285548,-0.9603999999999928,758,17,0.03977617144669568,0.022427440633245383,-2.5413513408177,-2.769992734620109
13.510067172812644,192.17997116285548,-0.9603999999999928,781,321,0.03925219360834443,0.41101152368758004,43.084132303371874,28.486936449850585
13.510067172812644,197.17997116285548,-0.9603999999999928,858,7,0.03873483977313635,0.008158508158508158,-4.670438948640742,-5.650319372302391
13.510067172812644,202.17997116285548,-0.9603999999999928,871,73,0.03822403349930929,0.08381171067738231,6.266563592398613,5.528463747734894
13.510067172812644,207.17997116285548,-0.9603999999999928,907,95,0.03771969903546683,0.10474090407938258,9.485586114014714,8.010971114524699
13.510067172812644,212.17997116285548,-0.9603999999999928,1837,412,0.03722176131957166,0.22427871529667937,36.5678165915608,26.62864615814774
13.510067172812644,217.17997116285548,-0.9603999999999928,2285,67,0.036730145977768594,0.029321663019693654,-2.1254859312376637,-2.2102316519364473
13.510067172812644,217.17997116285548,4.039600000000007,629,245,0.03615344133351133,0.38950715421303655,38.66907449882518,25.221110831500777
13.510067172812644,222.17997116285548,-0.9603999999999928,3421,295,0.036244779323045914,0.08623209587839813,14.07111717669304,12.216221403628733
13.510067172812644,222.17997116285548,4.039600000000007,1067,74,0.03567541323962808,0.06935332708528585,5.314123435524982,4.784185053495348
13.510067172812644,227.17997116285548,-0.9603999999999928,4091,222,0.0357655883537369,0.0542654607675385,5.554574652946714,5.221589920783086
13.510067172812644,227.17997116285548,4.039600000000007,1127,28,0.0352034748769931,0.024844720496894408,-2.0213082274785004,-2.138466850881879
13.510067172812644,232.17997116285548,-0.9603999999999928,3600,291,0.03529250075186974,0.08083333333333333,13.351770985083819,11.666176584029602
13.510067172812644,232.17997116285548,4.039600000000007,1605,182,0.03473755473862086,0.1133956386292835,15.492498585751681,12.658017701034696
13.510067172812644,237.17997116285548,-0.9603999999999928,723,97,0.03482544488137023,0.13416320885200553,13.036820935962956,10.316824280863162
13.510067172812644,237.17997116285548,4.039600000000007,4765,135,0.034277581997100195,0.02833158447009444,-2.587974049731652,-2.677184223481167
13.510067172812644,242.17997116285548,4.039600000000007,6438,506,0.033823486502491173,0.07859583721652687,17.998438514663462,15.670400301952675
13.510067172812644,247.17997116285548,4.039600000000007,5657,127,0.03337519878009233,0.022450061870249248,-4.834662499081497,-5.148407795308087
13.510067172812644,252.17997116285548,4.039600000000007,2749,96,0.03293265002807993,0.03492178974172426,0.24232122810595325,0.24137061406859858
14.010067172812644,42.179971162855495,4.039600000000007,519,129,0.06680601040136491,0.24855491329479767,13.484932093566501,11.09294033640874
14.010067172812644,52.179971162855495,-5.960399999999993,769,33,0.060947773135154724,0.04291287386215865,-2.3439192108974525,-2.4826960874822244
14.010067172812644,52.179971162855495,-0.9603999999999928,547,16,0.066804228336976,0.029250457038391225,-3.6477737928109715,-4.09244031834755
14.010067172812644,62.179971162855495,4.039600000000007,1056,62,0.06344439971792327,0.058712121212121215,-1.0957410296249288,-1.118410845697542
14.010067172812644,67.1799711628555,-5.960399999999993,814,95,0.05861991630862918,0.1167076167076167,5.889792028924256,5.338424229126538
14.010067172812644,67.1799711628555,4.039600000000007,1471,249,0.06262897221128792,0.16927260367097213,14.059420654178371,12.143977819545837
14.010067172812644,72.1799711628555,4.039600000000007,945,219,0.06182333326908519,0.23174603174603176,17.89507452901932,14.633489908826462
14.010067172812644,77.1799711628555,-0.9603999999999928,568,51,0.0626272940925723,0.0897887323943662,2.0294329253221286,1.9412245055460327
14.010067172812644,82.1799711628555,-0.9603999999999928,800,54,0.06182167531345321,0.0675,0.17111528445157853,0.17051342853186377
14.010067172812644,82.1799711628555,4.039600000000007,795,154,0.06024102245133447,0.19371069182389938,13.2107693908984,11.066382686527442
14.010067172812644,87.1799711628555,-5.960399999999993,879,5,0.05564565933696074,0.005688282138794084,-6.4836898119601,-8.23516085564792
14.010067172812644,87.1799711628555,-0.9603999999999928,1410,372,0.06102574509572917,0.26382978723404255,26.05161452124339,20.79161313448246
14.010067172812644,107.1799711628555,-0.9603999999999928,1105,55,0.057936933766764696,0.049773755656108594,-1.5341104491135664,-1.5814322073265428
14.010067172812644,112.1799711628555,-0.9603999999999928,680,41,0.057187969391023566,0.060294117647058824,-0.037293991161603424,-0.0373269964126313
14.010067172812644,132.17997116285548,4.039600000000007,550,12,0.05288342763299274,0.02181818181818182,-3.3399961248836454,-3.7759977938350753
14.510067172812644,47.179971162855495,4.039600000000007,641,179,0.07824179409237329,0.2792511700468019,14.933612884433105,12.491712329197664
14.510067172812644,52.179971162855495,4.039600000000007,1397,262,0.07725186858884042,0.1875447387258411,12.307331345322938,10.911939171953435
14.510067172812644,57.179971162855495,-5.960399999999993,589,12,0.07096804228246585,0.02037351443123939,-4.869360344270326,-5.702666830404551
14.510067172812644,57.179971162855495,4.039600000000007,980,168,0.07627343136511537,0.17142857142857143,8.94401469372381,8.020559925321278
14.510067172812644,62.179971162855495,4.039600000000007,791,33,0.07530637522529632,0.041719342604298354,-3.835344686391419,-4.185887303721621
14.510067172812644,67.1799711628555,-5.960399999999993,1332,87,0.06916893695321566,0.06531531531531531,-1.166596819962748,-1.1881009761387897
14.510067172812644,72.1799711628555,-5.960399999999993,522,259,0.06828529853856738,0.49616858237547895,29.17686481286346,21.721134517289258
14.510067172812644,72.1799711628555,4.039600000000007,691,11,0.07340597910744989,0.015918958031837915,-5.8655436321760845,-7.040048105296173
14.510067172812644,77.1799711628555,-0.9603999999999928,1282,42,0.07516925316210847,0.0327613104524181,-5.995901999831688,-6.726061168676931
14.510067172812644,77.1799711628555,4.039600000000007,492,61,0.07247242648474914,0.12398373983739837,3.43167654252106,3.204331856492988
14.510067172812644,82.1799711628555,4.039600000000007,935,61,0.07154982969088056,0.06524064171122995,-1.2617918900981377,-1.2916130019847982
14.510067172812644,87.1799711628555,4.039600000000007,995,10,0.07063808337990843,0.010050251256281407,-7.508838839377003,-9.310311771414632
14.510067172812644,92.1799711628555,-0.9603999999999928,761,102,0.07234006094349581,0.1340341655716163,5.199751689140706,4.795694672517889
14.510067172812644,92.1799711628555,4.039600000000007,803,83,0.06973708262531318,0.10336239103362391,2.7980106201925126,2.6681781084761975
14.510067172812644,112.1799711628555,-0.9603999999999928,1042,15,0.0687204888442927,0.014395393474088292,-7.007852053610461,-8.441742274644046
14.510067172812644,117.1799711628555,-0.9603999999999928,541,0,0.06784216184208125,0.0,-6.274855714212186,-8.718593957085853
14.510067172812644,117.1799711628555,4.039600000000007,581,82,0.06538962099489247,0.14113597246127366,6.071356454843973,5.449020540559979
15.010067172812644,37.179971162855495,4.039600000000007,836,139,0.09649027400568302,0.16626794258373206,4.872461587302323,4.583004413921691
15.010067172812644,52.179971162855495,-5.960399999999993,659,143,0.08597519540003466,0.21699544764795145,9.327385926011978,8.262394134515688
15.010067172812644,62.179971162855495,-5.960399999999993,492,143,0.08382997386604286,0.29065040650406504,12.854252308810885,10.84938816945333
15.010067172812644,67.1799711628555,4.039600000000007,493,38,0.08950596854264928,0.07707910750507099,-1.4483544702216447,-1.4962315189213493
15.010067172812644,72.1799711628555,4.039600000000007,594,167,0.08838719302856622,0.28114478114478114,12.736954567750152,10.924351304542895
15.010067172812644,77.1799711628555,4.039600000000007,468,94,0.0872810610638964,0.20085470085470086,6.717599327699781,6.036630038095909
15.010067172812644,82.1799711628555,4.039600000000007,467,65,0.08618746316371333,0.139186295503212,2.958169891010417,2.7990056052742007
15.010067172812644,87.1799711628555,4.039600000000007,980,234,0.08510628994820171,0.23877551020408164,13.441162632284955,11.715151079693282
15.010067172812644,92.1799711628555,4.039600000000007,596,46,0.08403743216742936,0.07718120805369127,-1.1311893958014907,-1.158167326323281
15.010067172812644,102.1799711628555,4.039600000000007,480,5,0.08193622670370512,0.010416666666666666,-5.751391252392543,-7.168796227393152
15.510067172812644,52.179971162855495,-0.9603999999999928,590,6,0.1194808977322707,0.010169491525423728,-8.235245244036165,-10.417366843272605
15.510067172812644,57.179971162855495,4.039600000000007,871,126,0.11148813934882965,0.1446613088404133,1.4939134516409636,1.4664091619038422
15.510067172812644,77.1799711628555,-0.9603999999999928,739,67,0.11240708289014217,0.09066305818673884,-2.631738486942166,-2.7448346816691056
15.510067172812644,82.1799711628555,4.039600000000007,488,26,0.104831194019709,0.05327868852459016,-4.014799334668466,-4.4192170279664635
15.510067172812644,87.1799711628555,4.039600000000007,1000,243,0.10354264571097196,0.243,10.640765892826654,9.61409485735607
15.510067172812644,122.1799711628555,-0.9603999999999928,844,20,0.10059396468543515,0.023696682464454975,-7.568171639327162,-8.981225414124708
16.010067172812644,87.1799711628555,4.039600000000007,721,127,0.1266053453361087,0.17614424410540916,2.0280693308125604,1.9790815971940239
16.010067172812644,92.1799711628555,4.039600000000007,1475,404,0.12508655553950113,0.2738983050847458,11.78253451025569,10.850670913151859
16.010067172812644,137.17997116285548,-0.9603999999999928,941,63,0.12002660775099477,0.0669500531349628,-5.584421119653893,-6.0793063901219915
16.510067172812644,57.179971162855495,-0.9603999999999928,781,21,0.17876864255193617,0.026888604353393086,-11.277635205681477,-13.620297253403987
16.510067172812644,72.1799711628555,4.039600000000007,631,125,0.16031154893672084,0.19809825673534073,0.3771305002729376,0.37555652646929144
16.510067172812644,77.1799711628555,4.039600000000007,780,256,0.15846177269316483,0.3282051282051282,7.813085357198778,7.337897910326355
16.510067172812644,82.1799711628555,4.039600000000007,1029,171,0.15662935900648117,0.1661807580174927,-1.3466888318979102,-1.3638854239017806
16.510067172812644,152.17997116285548,-0.9603999999999928,551,99,0.14343714804326785,0.17967332123411978,0.6452031916805393,0.639814814188038
16.510067172812644,182.17997116285548,4.039600000000007,451,29,0.12350505318595215,0.06430155210643015,-4.201002764728543,-4.606846987624647
17.010067172812644,87.1799711628555,4.039600000000007,2138,432,0.18838721855373403,0.20205799812909261,-2.6310584440795703,-2.6692884181559537
17.010067172812644,162.17997116285548,-0.9603999999999928,602,38,0.1728427648631518,0.06312292358803986,-7.5917666072537235,-8.577132630601463
17.010067172812644,167.17997116285548,-0.9603999999999928,904,27,0.1708778204172039,0.029867256637168143,-11.500956112647138,-13.77724598730645
17.010067172812644,177.17997116285548,-0.9603999999999928,706,57,0.16700120277936173,0.08073654390934844,-6.835394614231585,-7.527667650441268
17.010067172812644,182.17997116285548,4.039600000000007,691,101,0.15150543373378433,0.14616497829232997,-1.882246135278567,-1.9262269525352842
17.010067172812644,187.17997116285548,4.039600000000007,1178,76,0.14973914812252978,0.06451612903225806,-8.845939156856648,-9.868624400144366
17.010067172812644,192.17997116285548,4.039600000000007,1218,124,0.14798986277439752,0.10180623973727422,-5.735062462573601,-6.0955732377562395
17.010067172812644,197.17997116285548,4.039600000000007,1263,138,0.14625749774359736,0.10926365795724466,-5.058577106467871,-5.327762898521127
17.010067172812644,202.17997116285548,4.039600000000007,1311,357,0.14454197142949143,0.2723112128146453,8.07056667306565,7.625376696490688
17.010067172812644,207.17997116285548,4.039600000000007,1368,88,0.14284320063165928,0.06432748538011696,-8.98601545134658,-9.988128278887718
17.010067172812644,212.17997116285548,4.039600000000007,1430,0,0.14116110060443182,0.0,-15.33097174648881,-20.86186492584898
17.010067172812644,217.17997116285548,4.039600000000007,1500,50,0.1394955851108624,0.03333333333333333,-12.185850071063616,-14.349691352204577
17.010067172812644,222.17997116285548,4.039600000000007,1578,142,0.13784656647612692,0.08998732572877059,-6.651325466520597,-7.111601931025941
17.010067172812644,227.17997116285548,4.039600000000007,1078,58,0.13621395564033237,0.05380333951762523,-8.367558833758322,-9.427936035449566
17.010067172812644,232.17997116285548,4.039600000000007,1056,187,0.13459766221071268,0.17708333333333334,1.6367975449483188,1.611010074058363
17.010067172812644,237.17997116285548,4.039600000000007,1121,209,0.13299759451320756,0.1864406779661017,2.5931384803271285,2.5315785056723348
17.010067172812644,242.17997116285548,4.039600000000007,1196,140,0.1314136596433974,0.11705685618729098,-2.8802977927910027,-2.971193699866187
17.010067172812644,247.17997116285548,4.039600000000007,1289,107,0.1298457635167935,0.08301008533747091,-5.91326888601395,-6.338308121737421
17.010067172812644,252.17997116285548,4.039600000000007,1413,155,0.12829381091845907,0.10969568294409059,-3.4861737517991607,-3.6131281864808327
17.010067172812644,257.1799711628555,4.039600000000007,1595,474,0.1267577055519597,0.29717868338557996,13.99151123766115,12.784983839054375
17.010067172812644,262.1799711628555,4.039600000000007,1044,345,0.12523735008762785,0.33045977011494254,13.865898737415781,12.47725664658539
17.010067172812644,267.1799711628555,4.039600000000007,524,18,0.12373264621013076,0.03435114503816794,-6.400218848654564,-7.461846230667828
17.510067172812644,82.1799711628555,4.039600000000007,538,245,0.22949969378893853,0.45539033457249073,5.549660395155982,5.350174955103704
17.510067172812644,127.17997116285548,4.039600000000007,497,24,0.20826846509168498,0.0482897384305835,-9.117537656057552,-10.622323499699638
17.510067172812644,132.17997116285548,4.039600000000007,510,155,0.2060010869127187,0.30392156862745096,1.7267948723654976,1.7004415016667616
17.510067172812644,137.17997116285548,4.039600000000007,524,202,0.20375204068299224,0.38549618320610685,4.982659933645711,4.790198471713728
17.510067172812644,142.17997116285548,4.039600000000007,540,219,0.2015213167232451,0.40555555555555556,5.976253423810286,5.709193291898819
17.510067172812644,147.17997116285548,4.039600000000007,554,340,0.19930890204744336,0.6137184115523465,13.547582244066126,12.467455509483248
17.510067172812644,152.17997116285548,4.039600000000007,570,330,0.19711478042067926,0.5789473684210527,12.786084008492383,11.798950280733724
17.510067172812644,157.17997116285548,4.039600000000007,587,197,0.19493893241750845,0.33560477001703576,3.9818490226028893,3.853833397512992
17.510067172812644,162.17997116285548,4.039600000000007,605,130,0.19278133548069015,0.21487603305785125,-1.09345719688123,-1.1053750263811941
17.510067172812644,167.17997116285548,4.039600000000007,501,148,0.19064196398026503,0.2954091816367265,2.425649527159442,2.3701080532285936
17.510067172812644,172.17997116285548,4.039600000000007,642,188,0.18852078927293778,0.29283489096573206,2.79792158037766,2.7319745062692258
17.510067172812644,177.17997116285548,4.039600000000007,566,126,0.1864177797617117,0.2226148409893993,-0.29294328660849733,-0.29382856759110537
17.510067172812644,192.17997116285548,-0.9603999999999928,601,213,0.1976232868334561,0.3544093178036606,4.58887256319412,4.4267594382408655
17.510067172812644,197.17997116285548,-0.9603999999999928,550,198,0.19544319207563657,0.36,4.7770691133957355,4.593836458143148
17.510067172812644,202.17997116285548,-0.9603999999999928,567,154,0.1932813539050981,0.2716049382716049,1.3811483419104071,1.363622358839572
17.510067172812644,207.17997116285548,-0.9603999999999928,778,10,0.19113774740100625,0.012853470437017995,-12.739805512778457,-15.998545625248308
17.510067172812644,212.17997116285548,-0.9603999999999928,933,23,0.1890123446153617,0.02465166130760986,-13.026836971747361,-15.832518743915642
17.510067172812644,217.17997116285548,-0.9603999999999928,495,58,0.1869051146325752,0.11717171717171718,-4.947834707006135,-5.303385995225221
17.510067172812644,227.17997116285548,4.039600000000007,588,46,0.16637782734178524,0.0782312925170068,-6.343367064209853,-7.005132770400324
17.510067172812644,232.17997116285548,4.039600000000007,710,158,0.1644717649265127,0.22253521126760564,1.39526385679059,1.3762476619881612
17.510067172812644,237.17997116285548,4.039600000000007,760,136,0.162583280015891,0.17894736842105263,-0.8759334409749533,-0.8839923020862619
17.510067172812644,242.17997116285548,4.039600000000007,824,172,0.16071230807830317,0.2087378640776699,1.0293201572271304,1.019319255065703
17.510067172812644,247.17997116285548,4.039600000000007,904,65,0.15885878246632215,0.07190265486725664,-7.815677806135054,-8.669453220125225
17.510067172812644,252.17997116285548,4.039600000000007,1009,159,0.1570226344752799,0.15758176412289396,-1.9625588720869827,-2.000280876903844
17.510067172812644,257.1799711628555,4.039600000000007,1167,160,0.15520379340149698,0.13710368466152528,-3.483968867654643,-3.601943037433468
17.510067172812644,262.1799711628555,4.039600000000007,2361,717,0.1534021866001399,0.3036848792884371,12.245388109580508,11.538256243085636
17.510067172812644,267.1799711628555,4.039600000000007,6428,1699,0.15161773954267774,0.26431238332296203,14.437678505826769,13.795417474228586
17.510067172812644,277.1799711628555,4.039600000000007,587,96,0.1481000174685742,0.1635434412265758,-0.5550344461104405,-0.5590188859118124
17.510067172812644,282.1799711628555,4.039600000000007,631,7,0.14636658448741569,0.011093502377179081,-9.67510404381909,-12.227914665780265
17.510067172812644,287.1799711628555,4.039600000000007,684,5,0.14464999543284524,0.007309941520467836,-10.252821461268118,-13.185417748131348
17.510067172812644,292.1799711628555,4.039600000000007,754,0,0.14295016720402132,0.0,-11.214372289560556,-15.251980031961345
17.510067172812644,297.1799711628555,4.039600000000007,843,72,0.1412670151514189,0.08540925266903915,-5.4348326215200995,-5.859286052768669
17.510067172812644,302.1799711628555,4.039600000000007,969,139,0.1396004531308382,0.1434468524251806,-1.3589639799858748,-1.3791166563215471
17.510067172812644,307.1799711628555,4.039600000000007,1144,77,0.13795039355684416,0.0673076923076923,-7.588196710765866,-8.369752369100388
17.510067172812644,312.1799711628555,4.039600000000007,1432,10,0.13631674745560626,0.006983240223463687,-14.318727180866698,-18.444994627987832
17.510067172812644,317.1799711628555,4.039600000000007,2041,113,0.13469942451713968,0.05536501714845664,-11.179791438548603,-12.549781190483108
17.510067172812644,322.1799711628555,4.039600000000007,3065,29,0.13309833314692007,0.009461663947797716,-20.26038200295363,-25.76683874472068
18.010067172812644,12.179971162855493,4.039600000000007,556,23,0.25976038426366355,0.04136690647482014,-12.074296294639254,-14.248349352173733
18.010067172812644,127.17997116285548,-0.9603999999999928,516,400,0.22439922760601771,0.7751937984496124,15.400368123806972,14.233614886751832
18.010067172812644,132.17997116285548,-0.9603999999999928,573,454,0.222005479573596,0.7923211169284468,16.968904952904957,15.632362629293658
18.010067172812644,137.17997116285548,-0.9603999999999928,653,294,0.2196300356762216,0.450229709035222,6.751178922886247,6.4733402069413835
18.010067172812644,212.17997116285548,-5.960399999999993,633,378,0.15054027903511324,0.5971563981042654,19.85902270366245,17.364686764993372
18.010067172812644,217.17997116285548,-5.960399999999993,702,357,0.14878327238742803,0.5085470085470085,17.221220312044093,15.261482617007164
18.010067172812644,222.17997116285548,-5.960399999999993,762,351,0.14704322262204428,0.46062992125984253,15.856195291476839,14.163989685420864
18.010067172812644,227.17997116285548,-5.960399999999993,2713,349,0.14532004888402994,0.1286398820493918,-4.921169560430551,-5.084142604811491
18.010067172812644,232.17997116285548,-5.960399999999993,940,166,0.14361366869369463,0.17659574468085107,0.6141886110515862,0.6104219745827891
18.010067172812644,237.17997116285548,-5.960399999999993,2913,200,0.1419239980013683,0.06865774116031582,-12.41917746556239,-13.705909403312413
18.010067172812644,237.17997116285548,4.039600000000007,463,36,0.15862498584744408,0.07775377969762419,-5.287968406590837,-5.819941088689289
18.010067172812644,242.17997116285548,-5.960399999999993,1993,356,0.14025095124162743,0.17862518815855494,1.5775847160756153,1.560462356770747
18.010067172812644,242.17997116285548,4.039600000000007,481,23,0.1567910364459041,0.04781704781704782,-6.863101282165216,-7.896252533643576
18.010067172812644,247.17997116285548,-5.960399999999993,2937,526,0.13859444138696156,0.1790943139257746,2.26465782965767,2.235505735357365
18.010067172812644,247.17997116285548,4.039600000000007,499,6,0.15497438485603815,0.012024048096192385,-8.885866365027217,-11.193904165534256
18.010067172812644,252.17997116285548,-5.960399999999993,5436,442,0.13695438000084817,0.08130978660779985,-13.77235931468827,-14.879795030803756
18.010067172812644,252.17997116285548,4.039600000000007,519,0,0.15317495819097385,0.0,-9.689039312791396,-13.136936182200992
18.010067172812644,257.1799711628555,4.039600000000007,540,60,0.1513926816873975,0.1111111111111111,-3.5121340031332178,-3.7063789861034966
18.010067172812644,262.1799711628555,4.039600000000007,562,31,0.14962747876253282,0.05516014234875445,-6.645950676579847,-7.525231882388323
18.010067172812644,267.1799711628555,4.039600000000007,585,18,0.14787927107066592,0.03076923076923077,-8.16472232668274,-9.70400401885409
18.010067172812644,272.1799711628555,4.039600000000007,611,0,0.14614797855919492,0.0,-10.226468996946277,-13.895063690015748
18.010067172812644,277.1799711628555,4.039600000000007,639,15,0.1444335195241836,0.023474178403755867,-8.838858776251332,-10.700475311666551
18.010067172812644,282.1799711628555,4.039600000000007,671,33,0.1427358106653991,0.04918032786885246,-7.271158519261924,-8.292174897732476
18.010067172812644,287.1799711628555,4.039600000000007,708,0,0.1410547671408023,0.0,-10.782706303121374,-14.673205651719874
18.010067172812644,292.1799711628555,4.039600000000007,754,27,0.1393903026204894,0.03580901856763926,-8.457599674687835,-9.900831970983262
18.010067172812644,297.1799711628555,4.039600000000007,810,61,0.13774232934005282,0.07530864197530865,-5.7982386713985505,-6.319873776118409
18.010067172812644,302.1799711628555,4.039600000000007,890,14,0.13611075815334917,0.015730337078651686,-10.576520093113912,-13.106998416317484
18.010067172812644,307.1799711628555,4.039600000000007,1007,187,0.13449549858466256,0.18570009930486595,2.2403545116224226,2.191960870271593
18.010067172812644,312.1799711628555,4.039600000000007,1209,241,0.132896458880235,0.19933829611248965,3.736561680691595,3.6173246168525353
18.010067172812644,317.1799711628555,4.039600000000007,1710,53,0.13131354605916654,0.030994152046783626,-12.58751038110541,-14.85853672229083
18.010067172812644,322.1799711628555,4.039600000000007,2524,73,0.12974666596366008,0.028922345483359747,-15.414100331179485,-18.28366545059838
18.510067172812644,142.17997116285548,-0.9603999999999928,606,503,0.2591144939679998,0.83003300330033,14.779040119940781,13.93763679202903
18.510067172812644,147.17997116285548,-0.9603999999999928,995,570,0.2564728817906689,0.5728643216080402,9.7607373640321,9.39671739323992
18.510067172812644,152.17997116285548,-0.9603999999999928,1265,276,0.2538489730201704,0.21818181818181817,-6.741855777523878,-7.000887928230801
18.510067172812644,182.17997116285548,-5.960399999999993,481,0,0.19269295152154758,0.0,-10.714849628057289,-14.349817281996367
18.510067172812644,187.17997116285548,-5.960399999999993,499,102,0.19055432931521737,0.20440881763527055,-1.3006880513100436,-1.3198089931958776
18.510067172812644,192.17997116285548,-5.960399999999993,520,363,0.18843390265977975,0.698076923076923,16.91960063789846,15.258012161663943
18.510067172812644,197.17997116285548,-5.960399999999993,546,306,0.18633163983798806,0.5604395604395604,12.955525929209346,11.869230659079703
18.510067172812644,202.17997116285548,-5.960399999999993,577,150,0.18424750624119762,0.25996533795493937,1.535619558262084,1.5131281709848337
18.510067172812644,207.17997116285548,-5.960399999999993,611,113,0.18218146442937602,0.18494271685761046,-1.8196912664906344,-1.855922183867761
19.010067172812644,12.179971162855493,-45.96039999999999,827,10,0.04532119536775578,0.012091898428053204,-4.641823277099408,-5.492525905069381
19.010067172812644,12.179971162855493,29.039600000000007,481,10,0.11431939846210605,0.02079002079002079,-6.542623670013209,-7.9049853161256065
19.010067172812644,152.17997116285548,-0.9603999999999928,782,492,0.29707993544814015,0.629156010230179,6.959830430372019,6.791072509632091
19.010067172812644,152.17997116285548,4.039600000000007,820,312,0.268052188615851,0.3804878048780488,0.5747122926607093,0.5730251107340545
19.010067172812644,157.17997116285548,-0.9603999999999928,1269,885,0.2942049711595504,0.6973995271867612,11.881604175646084,11.516055161875315
19.010067172812644,157.17997116285548,4.039600000000007,873,674,0.26535209301285934,0.7720504009163803,15.173476469302958,14.417495347054818
19.010067172812644,172.17997116285548,-0.9603999999999928,450,18,0.28567834463909003,0.04,-11.83900896510331,-13.974748901611022
19.510067172812644,147.17997116285548,4.039600000000007,1049,566,0.3102125397399935,0.5395614871306006,3.4969132398416045,3.4585492680190586
19.510067172812644,152.17997116285548,4.039600000000007,1024,430,0.3072660402771931,0.419921875,-0.9529634344226533,-0.9563597274996045
20.010067172812644,132.17997116285548,4.039600000000007,639,544,0.35756836026849065,0.8513302034428795,7.339862076135993,7.217325234510416
20.010067172812644,137.17997116285548,4.039600000000007,717,396,0.354403161293114,0.5523012552301255,0.09708525067307155,0.09705667466133859
20.510067172812644,17.179971162855495,4.039600000000007,664,174,0.4701907673352494,0.2620481927710843,-15.22800711362331,-15.814128847272391
20.510067172812644,117.1799711628555,-0.9603999999999928,451,409,0.4417804894829898,0.9068736141906873,1.9960517346183453,1.9915367795961643
20.510067172812644,122.1799711628555,4.039600000000007,546,476,0.399077746535688,0.8717948717948718,4.352662462262884,4.319268700477399
20.510067172812644,127.17997116285548,4.039600000000007,478,278,0.3957714692169094,0.5815899581589958,-1.5769513158335249,-1.5838873157430093
21.010067172812644,112.1799711628555,4.039600000000007,487,392,0.43585648865876586,0.8049281314168378,0.6041669113802394,0.603658005979872
21.510067172812644,102.1799711628555,4.039600000000007,451,375,0.46652281293868086,0.8314855875831486,-0.7217145461827728,-0.722158574593583
22.510067172812644,87.1799711628555,4.039600000000007,710,201,0.502870717383799,0.2830985915492958,-17.037495608511176,-17.529880497181423
22.510067172812644,97.1799711628555,-0.9603999999999928,492,254,0.5368457295490732,0.516260162601626,-10.75577798464952,-10.792443683930435
23.010067172812644,27.179971162855495,-30.960399999999993,2501,77,0.17700116339967725,0.03078768492602959,-19.573298486680255,-23.42419632722732
23.010067172812644,197.17997116285548,-0.9603999999999928,622,582,0.4685628606477427,0.9356913183279743,1.030914807978472,1.030348176778468
23.010067172812644,202.17997116285548,-0.9603999999999928,1200,1001,0.4651264940631685,0.8341666666666666,-0.9719290044601419,-0.9724337128391747
23.010067172812644,207.17997116285548,-0.9603999999999928,1350,1256,0.46169343485955383,0.9303703703703704,2.0757560127628567,2.0738841077225154
23.010067172812644,212.17997116285548,-0.9603999999999928,1499,1405,0.45826400495749603,0.9372915276851234,2.763513954323676,2.7601719389221926
23.010067172812644,217.17997116285548,-0.9603999999999928,459,446,0.4548385249063341,0.971677559912854,2.2944488651353825,2.290287555166243
23.510067172812644,92.1799711628555,4.039600000000007,450,280,0.49473766543316977,0.6222222222222222,-6.007954141314221,-6.037980787853675
23.510067172812644,157.17997116285548,4.039600000000007,463,450,0.4500345518546004,0.9719222462203023,2.6022898252140747,2.5964247400710394
23.510067172812644,162.17997116285548,4.039600000000007,596,543,0.4466198722849315,0.9110738255033557,2.0443300836996943,2.040539349825478
23.510067172812644,167.17997116285548,4.039600000000007,633,442,0.4432102220181669,0.69826224328594,-2.1151781267013137,-2.121156215797473
23.510067172812644,172.17997116285548,4.039600000000007,672,391,0.43980591416867504,0.5818452380952381,-4.727948138707181,-4.7647414217891555
23.510067172812644,177.17997116285548,4.039600000000007,724,488,0.4364072598537803,0.6740331491712708,-2.370364070959306,-2.3782470494727765
23.510067172812644,182.17997116285548,4.039600000000007,786,588,0.43301456808260685,0.7480916030534351,-0.3790569647104512,-0.3792351568378261
23.510067172812644,187.17997116285548,4.039600000000007,857,733,0.4296281456465931,0.8553092182030338,2.5275537704257562,2.520850220550161
23.510067172812644,192.17997116285548,-0.9603999999999928,644,542,0.46454062761925274,0.8416149068322981,-0.5208010337717398,-0.5209978030062268
23.510067172812644,217.17997116285548,-0.9603999999999928,1168,1076,0.44741834960349636,0.9212328767123288,3.0565046994476694,3.0506393237222444
23.510067172812644,222.17997116285548,-0.9603999999999928,1763,1620,0.44400749452417576,0.9188882586500283,4.080530210831803,4.071496240667146
23.510067172812644,227.17997116285548,-0.9603999999999928,2141,1745,0.44060190877907174,0.8150397010742644,1.0605142343058762,1.0598213949701376
23.510067172812644,232.17997116285548,-0.9603999999999928,3648,2783,0.4372019039627653,0.7628837719298246,-0.7201102241884156,-0.7203882101335805
23.510067172812644,237.17997116285548,-5.960399999999993,1192,850,0.3609148661233275,0.7130872483221476,5.207320960600279,5.156360630226316
23.510067172812644,237.17997116285548,-0.9603999999999928,1628,1314,0.43380778958750255,0.8071253071253072,1.40385087973783,1.4023157353849824
24.010067172812644,147.17997116285548,4.039600000000007,516,501,0.4431716895057346,0.9709302325581395,3.1747711529950253,3.165402581588598
24.010067172812644,152.17997116285548,4.039600000000007,538,508,0.4397674438610412,0.9442379182156134,2.9902611888427897,2.9812693079344994
24.010067172812644,237.17997116285548,-5.960399999999993,3583,2279,0.3491769138606502,0.6360591682947251,6.359817368620167,6.308765564821043
